分子編號,能量級別,Precursor_m/z(新-舊),Precursor_Intensity(新-舊),舊碎片峰總數,新碎片峰總數,碎片峰總數差異(新-舊),第1大峰_m/z(新),第1大峰_m/z(舊),第1大峰_m/z差異(新-舊),第1大峰_強度(新),第1大峰_強度(舊),第1大峰_強度差異(新-舊),第2大峰_m/z(新),第2大峰_m/z(舊),第2大峰_m/z差異(新-舊),第2大峰_強度(新),第2大峰_強度(舊),第2大峰_強度差異(新-舊),第3大峰_m/z(新),第3大峰_m/z(舊),第3大峰_m/z差異(新-舊),第3大峰_強度(新),第3大峰_強度(舊),第3大峰_強度差異(新-舊),第4大峰_m/z(新),第4大峰_m/z(舊),第4大峰_m/z差異(新-舊),第4大峰_強度(新),第4大峰_強度(舊),第4大峰_強度差異(新-舊),第5大峰_m/z(新),第5大峰_m/z(舊),第5大峰_m/z差異(新-舊),第5大峰_強度(新),第5大峰_強度(舊),第5大峰_強度差異(新-舊),第6大峰_m/z(新),第6大峰_m/z(舊),第6大峰_m/z差異(新-舊),第6大峰_強度(新),第6大峰_強度(舊),第6大峰_強度差異(新-舊),第7大峰_m/z(新),第7大峰_m/z(舊),第7大峰_m/z差異(新-舊),第7大峰_強度(新),第7大峰_強度(舊),第7大峰_強度差異(新-舊),第8大峰_m/z(新),第8大峰_m/z(舊),第8大峰_m/z差異(新-舊),第8大峰_強度(新),第8大峰_強度(舊),第8大峰_強度差異(新-舊),第9大峰_m/z(新),第9大峰_m/z(舊),第9大峰_m/z差異(新-舊),第9大峰_強度(新),第9大峰_強度(舊),第9大峰_強度差異(新-舊),第10大峰_m/z(新),第10大峰_m/z(舊),第10大峰_m/z差異(新-舊),第10大峰_強度(新),第10大峰_強度(舊),第10大峰_強度差異(新-舊)
P_1,低能量,0,0,0,0,0,0,0,0,0,0,0,0,0,0,0,0,0,0,0,0,0,0,0,0,0,0,0,0,0,0,0,0,0,0,0,0,0,0,0,0,0,0,0,0,0,0,0,0,0,0,0,0,0,0,0,0,0,0,0,0,0,0,0,0,0
P_1,中能量,0,0,2,15,13,998.8983,998.8983,0,100,100,0,168.9894,168.9894,0,47,8.6,38.4,118.9926,0,118.9926,10.96,0,10.96,218.9862,0,218.9862,4.79,0,4.79,268.983,0,268.983,4.21,0,4.21,318.9798,0,318.9798,4.19,0,4.19,368.9766,0,368.9766,4.19,0,4.19,418.9734,0,418.9734,4.19,0,4.19,468.9702,0,468.9702,4.19,0,4.19,518.967,0,518.967,4.19,0,4.19
P_1,高能量,0,0,0,0,0,0,0,0,0,0,0,0,0,0,0,0,0,0,0,0,0,0,0,0,0,0,0,0,0,0,0,0,0,0,0,0,0,0,0,0,0,0,0,0,0,0,0,0,0,0,0,0,0,0,0,0,0,0,0,0,0,0,0,0,0
P_2,低能量,0,0,0,0,0,0,0,0,0,0,0,0,0,0,0,0,0,0,0,0,0,0,0,0,0,0,0,0,0,0,0,0,0,0,0,0,0,0,0,0,0,0,0,0,0,0,0,0,0,0,0,0,0,0,0,0,0,0,0,0,0,0,0,0,0
P_2,中能量,0,0,54,63,9,926.2137,168.9894,757.2243,100,100,0,218.9862,268.983,-49.9968,83.63,78.48,5.15,268.983,830.1198,-561.1368,83.59,61.98,21.61,882.1511,922.2388,-40.0877,76.58,59.53,17.05,748.0416,884.1668,-136.1252,63.41,54.21,9.2,940.2294,118.9926,821.2368,56.68,52.37,4.31,896.1668,882.1511,14.0156,50.49,49.04,1.45,884.1668,926.2137,-42.047,42.11,38.81,3.3,168.9894,746.0259,-577.0365,41.4,36.88,4.52,998.3076,748.0416,250.266,40.68,36.61,4.07
P_2,高能量,0,0,0,0,0,0,0,0,0,0,0,0,0,0,0,0,0,0,0,0,0,0,0,0,0,0,0,0,0,0,0,0,0,0,0,0,0,0,0,0,0,0,0,0,0,0,0,0,0,0,0,0,0,0,0,0,0,0,0,0,0,0,0,0,0
P_3,低能量,0,0,0,0,0,0,0,0,0,0,0,0,0,0,0,0,0,0,0,0,0,0,0,0,0,0,0,0,0,0,0,0,0,0,0,0,0,0,0,0,0,0,0,0,0,0,0,0,0,0,0,0,0,0,0,0,0,0,0,0,0,0,0,0,0
P_3,中能量,0,0,57,63,6,268.983,218.9862,49.9968,100,100,0,926.2137,830.1198,96.0939,100,82.58,17.42,882.1511,884.1668,-2.0156,75.72,77.96,-2.24,748.0416,922.2388,-174.1972,62.53,72.83,-10.3,940.2294,882.1511,58.0783,56.02,69.2,-13.18,896.1668,748.0416,148.1252,49.67,55.47,-5.8,728.0353,926.2137,-198.1784,47.54,55.45,-7.91,884.1668,168.9894,715.1774,40.31,44.71,-4.4,998.3076,728.0353,270.2723,39.73,44.53,-4.8,910.1824,802.0885,108.0939,33.5,43.68,-10.18
P_3,高能量,0,0,0,0,0,0,0,0,0,0,0,0,0,0,0,0,0,0,0,0,0,0,0,0,0,0,0,0,0,0,0,0,0,0,0,0,0,0,0,0,0,0,0,0,0,0,0,0,0,0,0,0,0,0,0,0,0,0,0,0,0,0,0,0,0
P_4,低能量,0,0,0,0,0,0,0,0,0,0,0,0,0,0,0,0,0,0,0,0,0,0,0,0,0,0,0,0,0,0,0,0,0,0,0,0,0,0,0,0,0,0,0,0,0,0,0,0,0,0,0,0,0,0,0,0,0,0,0,0,0,0,0,0,0
P_4,中能量,0,0,4,6,2,368.9766,368.9766,0,100,100,0,268.983,268.983,0,57.2,40.82,16.38,626.9268,626.9268,0,31.31,7.7,23.61,168.9894,996.9107,-827.9213,13.11,4.08,9.03,996.9107,0,996.9107,4.29,0,4.29,118.9926,0,118.9926,3.1,0,3.1,0,0,0,0,0,0,0,0,0,0,0,0,0,0,0,0,0,0,0,0,0,0,0,0
P_4,高能量,0,0,0,0,0,0,0,0,0,0,0,0,0,0,0,0,0,0,0,0,0,0,0,0,0,0,0,0,0,0,0,0,0,0,0,0,0,0,0,0,0,0,0,0,0,0,0,0,0,0,0,0,0,0,0,0,0,0,0,0,0,0,0,0,0
P_7,低能量,0,0,0,0,0,0,0,0,0,0,0,0,0,0,0,0,0,0,0,0,0,0,0,0,0,0,0,0,0,0,0,0,0,0,0,0,0,0,0,0,0,0,0,0,0,0,0,0,0,0,0,0,0,0,0,0,0,0,0,0,0,0,0,0,0
P_7,中能量,0,0,38,46,8,946.0312,928.0206,18.0106,100,100,0,944.0155,974.0261,-30.0106,72.81,59.82,12.99,194.0634,168.9894,25.074,52.87,57.73,-4.86,118.0874,118.9926,-0.9052,32.7,38.1,-5.4,47.0138,268.983,-221.9691,29.41,37.05,-7.64,856.9471,318.9798,537.9673,25.42,37.05,-11.63,196.0791,368.9766,-172.8975,20.47,37.05,-16.58,116.0717,418.9734,-302.9017,18.94,37.05,-18.11,974.0261,468.9702,505.0559,17.52,37.05,-19.53,966.0374,568.9638,397.0736,15.63,36.81,-21.18
P_7,高能量,0,0,0,0,0,0,0,0,0,0,0,0,0,0,0,0,0,0,0,0,0,0,0,0,0,0,0,0,0,0,0,0,0,0,0,0,0,0,0,0,0,0,0,0,0,0,0,0,0,0,0,0,0,0,0,0,0,0,0,0,0,0,0,0,0
P_8,低能量,0,0,0,0,0,0,0,0,0,0,0,0,0,0,0,0,0,0,0,0,0,0,0,0,0,0,0,0,0,0,0,0,0,0,0,0,0,0,0,0,0,0,0,0,0,0,0,0,0,0,0,0,0,0,0,0,0,0,0,0,0,0,0,0,0
P_8,中能量,0,0,18,34,16,953.0405,953.0405,0,100,100,0,973.0467,973.0467,0,96.14,77.5,18.64,245.0601,168.9894,76.0708,91.34,16.55,74.79,247.0758,247.0758,0,53.32,13.53,39.79,213.0881,468.9702,-255.8821,27.18,11.1,16.08,168.9894,118.9926,49.9968,21.28,9.9,11.38,468.9702,268.983,199.9872,18.88,9.41,9.47,268.983,318.9798,-49.9968,17.17,9.41,7.76,368.9766,368.9766,0,17.17,9.41,7.76,418.9734,418.9734,0,17.16,9.4,7.76
P_8,高能量,0,0,0,0,0,0,0,0,0,0,0,0,0,0,0,0,0,0,0,0,0,0,0,0,0,0,0,0,0,0,0,0,0,0,0,0,0,0,0,0,0,0,0,0,0,0,0,0,0,0,0,0,0,0,0,0,0,0,0,0,0,0,0,0,0
P_9,低能量,0,0,0,0,0,0,0,0,0,0,0,0,0,0,0,0,0,0,0,0,0,0,0,0,0,0,0,0,0,0,0,0,0,0,0,0,0,0,0,0,0,0,0,0,0,0,0,0,0,0,0,0,0,0,0,0,0,0,0,0,0,0,0,0,0
P_9,中能量,0,0,2,2,0,78.9591,78.9591,0,100,100,0,96.9696,96.9696,0,9.93,15.91,-5.98,0,0,0,0,0,0,0,0,0,0,0,0,0,0,0,0,0,0,0,0,0,0,0,0,0,0,0,0,0,0,0,0,0,0,0,0,0,0,0,0,0,0,0,0,0,0,0,0
P_9,高能量,0,0,0,0,0,0,0,0,0,0,0,0,0,0,0,0,0,0,0,0,0,0,0,0,0,0,0,0,0,0,0,0,0,0,0,0,0,0,0,0,0,0,0,0,0,0,0,0,0,0,0,0,0,0,0,0,0,0,0,0,0,0,0,0,0
P_10,低能量,0,0,0,0,0,0,0,0,0,0,0,0,0,0,0,0,0,0,0,0,0,0,0,0,0,0,0,0,0,0,0,0,0,0,0,0,0,0,0,0,0,0,0,0,0,0,0,0,0,0,0,0,0,0,0,0,0,0,0,0,0,0,0,0,0
P_10,中能量,0,0,16,16,0,80.9652,80.9652,0,100,100,0,972.9215,718.9542,253.9672,100,40.98,59.02,168.9894,668.9574,-499.9681,25.42,11.02,14.4,118.9926,168.9894,-49.9968,20.71,7.63,13.08,618.9606,972.9215,-353.9608,18.58,6.56,12.02,268.983,618.9606,-349.9777,17.6,4.61,12.99,368.9766,118.9926,249.984,17.6,4.49,13.11,418.9734,268.983,149.9904,17.6,4.16,13.44,468.9702,318.9798,149.9904,17.6,4.16,13.44,518.967,368.9766,149.9904,17.6,4.16,13.44
P_10,高能量,0,0,0,0,0,0,0,0,0,0,0,0,0,0,0,0,0,0,0,0,0,0,0,0,0,0,0,0,0,0,0,0,0,0,0,0,0,0,0,0,0,0,0,0,0,0,0,0,0,0,0,0,0,0,0,0,0,0,0,0,0,0,0,0,0
P_11,低能量,0,0,0,0,0,0,0,0,0,0,0,0,0,0,0,0,0,0,0,0,0,0,0,0,0,0,0,0,0,0,0,0,0,0,0,0,0,0,0,0,0,0,0,0,0,0,0,0,0,0,0,0,0,0,0,0,0,0,0,0,0,0,0,0,0
P_11,中能量,0,0,7,7,0,184.9843,184.9843,0,100,100,0,118.9926,118.9926,0,50.46,35.07,15.39,168.9894,168.9894,0,11.49,14.68,-3.19,350.9696,350.9696,0,5.66,6.75,-1.09,516.955,516.955,0,4.88,6.43,-1.55,682.9403,682.9403,0,4.74,5.92,-1.18,948.9192,948.9192,0,4.15,3.55,0.6,0,0,0,0,0,0,0,0,0,0,0,0,0,0,0,0,0,0
P_11,高能量,0,0,0,0,0,0,0,0,0,0,0,0,0,0,0,0,0,0,0,0,0,0,0,0,0,0,0,0,0,0,0,0,0,0,0,0,0,0,0,0,0,0,0,0,0,0,0,0,0,0,0,0,0,0,0,0,0,0,0,0,0,0,0,0,0
P_12,低能量,0,0,0,0,0,0,0,0,0,0,0,0,0,0,0,0,0,0,0,0,0,0,0,0,0,0,0,0,0,0,0,0,0,0,0,0,0,0,0,0,0,0,0,0,0,0,0,0,0,0,0,0,0,0,0,0,0,0,0,0,0,0,0,0,0
P_12,中能量,0,0,60,65,5,971.308,971.308,0,100,100,0,455.2498,412.9828,42.267,100,97.99,2.01,499.276,168.9894,330.2866,67.94,87.41,-19.47,411.2236,59.0138,352.2097,46.67,72.34,-25.67,279.1449,61.0295,218.1154,44.28,68.2,-23.92,235.1187,432.9891,-197.8703,43.71,54.66,-10.95,147.0663,951.3017,-804.2355,42.88,53.03,-10.15,323.1711,545.3179,-222.1467,42.21,52,-9.79,412.9828,118.9926,293.9903,41.34,49.33,-7.99,367.1974,903.2618,-536.0644,40.89,35.02,5.87
P_12,高能量,0,0,0,0,0,0,0,0,0,0,0,0,0,0,0,0,0,0,0,0,0,0,0,0,0,0,0,0,0,0,0,0,0,0,0,0,0,0,0,0,0,0,0,0,0,0,0,0,0,0,0,0,0,0,0,0,0,0,0,0,0,0,0,0,0
P_13,低能量,0,0,0,0,0,0,0,0,0,0,0,0,0,0,0,0,0,0,0,0,0,0,0,0,0,0,0,0,0,0,0,0,0,0,0,0,0,0,0,0,0,0,0,0,0,0,0,0,0,0,0,0,0,0,0,0,0,0,0,0,0,0,0,0,0
P_13,中能量,0,0,12,46,34,973.223,68.9958,904.2272,100,100,0,991.2335,971.2273,20.0062,47.89,60.35,-12.46,971.2273,973.223,-1.9957,44.61,24.93,19.68,282.9481,991.2335,-708.2855,40.57,16.95,23.62,771.2401,452.0584,319.1817,40.06,6.54,33.52,168.9894,771.2401,-602.2507,38.43,6.23,32.2,68.9958,168.9894,-99.9936,36.17,5.47,30.7,454.074,434.0678,20.0062,31.96,5.11,26.85,452.0584,951.2211,-499.1627,30.73,4.71,26.02,412.0271,652.236,-240.2089,29.89,4.16,25.73
P_13,高能量,0,0,0,0,0,0,0,0,0,0,0,0,0,0,0,0,0,0,0,0,0,0,0,0,0,0,0,0,0,0,0,0,0,0,0,0,0,0,0,0,0,0,0,0,0,0,0,0,0,0,0,0,0,0,0,0,0,0,0,0,0,0,0,0,0
P_14,低能量,0,0,0,0,0,0,0,0,0,0,0,0,0,0,0,0,0,0,0,0,0,0,0,0,0,0,0,0,0,0,0,0,0,0,0,0,0,0,0,0,0,0,0,0,0,0,0,0,0,0,0,0,0,0,0,0,0,0,0,0,0,0,0,0,0
P_14,中能量,0,0,17,27,10,168.9894,218.9862,-49.9968,100,100,0,753.1105,168.9894,584.1211,63.43,25.87,37.56,68.9958,771.121,-702.1253,62.19,21.56,40.63,515.0693,68.9958,446.0735,41.77,17.26,24.51,975.0832,991.1145,-16.0313,34.37,13.46,20.91,771.121,753.1105,18.0106,28.93,13,15.93,755.0897,755.0897,0,22.93,9.68,13.25,295.0758,255.0445,40.0313,20.6,8.95,11.65,218.9862,741.0741,-522.0879,18.95,7.15,11.8,255.0445,743.0897,-488.0452,17.23,6.43,10.8
P_14,高能量,0,0,0,0,0,0,0,0,0,0,0,0,0,0,0,0,0,0,0,0,0,0,0,0,0,0,0,0,0,0,0,0,0,0,0,0,0,0,0,0,0,0,0,0,0,0,0,0,0,0,0,0,0,0,0,0,0,0,0,0,0,0,0,0,0
P_15,低能量,0,0,0,0,0,0,0,0,0,0,0,0,0,0,0,0,0,0,0,0,0,0,0,0,0,0,0,0,0,0,0,0,0,0,0,0,0,0,0,0,0,0,0,0,0,0,0,0,0,0,0,0,0,0,0,0,0,0,0,0,0,0,0,0,0
P_15,中能量,0,0,11,7,-4,950.8539,970.8601,-20.0062,100,100,0,990.8664,950.8539,40.0125,100,61,39,970.8601,990.8664,-20.0062,53.15,47.82,5.33,168.9894,168.9894,0,15.99,32.45,-16.46,418.9734,700.8699,-281.8965,13.43,21.59,-8.16,700.8699,418.9734,281.8965,6.46,20.23,-13.77,118.9926,720.8761,-601.8836,3.61,15.57,-11.96,0,218.9862,-218.9862,0,12.41,-12.41,0,118.9926,-118.9926,0,8.47,-8.47,0,368.9766,-368.9766,0,4.33,-4.33
P_15,高能量,0,0,0,0,0,0,0,0,0,0,0,0,0,0,0,0,0,0,0,0,0,0,0,0,0,0,0,0,0,0,0,0,0,0,0,0,0,0,0,0,0,0,0,0,0,0,0,0,0,0,0,0,0,0,0,0,0,0,0,0,0,0,0,0,0
P_16,低能量,0,0,0,0,0,0,0,0,0,0,0,0,0,0,0,0,0,0,0,0,0,0,0,0,0,0,0,0,0,0,0,0,0,0,0,0,0,0,0,0,0,0,0,0,0,0,0,0,0,0,0,0,0,0,0,0,0,0,0,0,0,0,0,0,0
P_16,中能量,0,0,9,8,-1,78.9591,78.9591,0,100,100,0,96.9696,96.9696,0,61.28,85.13,-23.85,442.9723,168.9894,273.983,22.09,29,-6.91,642.9596,642.9596,0,21.6,18.15,3.45,622.9533,442.9723,179.981,9.61,18.07,-8.46,422.9661,622.9533,-199.9872,6.69,16.44,-9.75,988.9623,422.9661,565.9962,6.35,11.66,-5.31,168.9894,988.9623,-819.9729,3.08,8.35,-5.27,0,968.9561,-968.9561,0,6.71,-6.71,0,0,0,0,0,0
P_16,高能量,0,0,0,0,0,0,0,0,0,0,0,0,0,0,0,0,0,0,0,0,0,0,0,0,0,0,0,0,0,0,0,0,0,0,0,0,0,0,0,0,0,0,0,0,0,0,0,0,0,0,0,0,0,0,0,0,0,0,0,0,0,0,0,0,0
P_17,低能量,0,0,0,0,0,0,0,0,0,0,0,0,0,0,0,0,0,0,0,0,0,0,0,0,0,0,0,0,0,0,0,0,0,0,0,0,0,0,0,0,0,0,0,0,0,0,0,0,0,0,0,0,0,0,0,0,0,0,0,0,0,0,0,0,0
P_17,中能量,0,0,7,5,-2,78.9591,78.9591,0,100,100,0,96.9696,96.9696,0,61.46,85.03,-23.57,542.966,542.966,0,43.4,38.33,5.07,522.9597,522.9597,0,16.02,29.63,-13.61,988.9623,988.9623,0,6.41,9.09,-2.68,0,968.9561,-968.9561,0,7.4,-7.4,0,168.9894,-168.9894,0,3.26,-3.26,0,0,0,0,0,0,0,0,0,0,0,0,0,0,0,0,0,0
P_17,高能量,0,0,0,0,0,0,0,0,0,0,0,0,0,0,0,0,0,0,0,0,0,0,0,0,0,0,0,0,0,0,0,0,0,0,0,0,0,0,0,0,0,0,0,0,0,0,0,0,0,0,0,0,0,0,0,0,0,0,0,0,0,0,0,0,0
P_18,低能量,0,0,0,0,0,0,0,0,0,0,0,0,0,0,0,0,0,0,0,0,0,0,0,0,0,0,0,0,0,0,0,0,0,0,0,0,0,0,0,0,0,0,0,0,0,0,0,0,0,0,0,0,0,0,0,0,0,0,0,0,0,0,0,0,0
P_18,中能量,0,0,19,23,4,946.0017,946.0017,0,100,100,0,966.0079,966.0079,0,97.29,78.11,19.18,80.9652,80.9652,0,71.52,36.98,34.54,238.0213,240.037,-2.0156,50.44,19.73,30.71,240.037,168.9894,71.0476,21.52,18.79,2.73,168.9894,238.0213,-69.0319,20.44,12.77,7.67,468.9702,468.9702,0,18.8,11.88,6.92,268.983,118.9926,149.9904,17.29,11.07,6.22,368.9766,268.983,99.9936,17.29,10.46,6.83,418.9734,318.9798,99.9936,17.28,10.46,6.82
P_18,高能量,0,0,0,0,0,0,0,0,0,0,0,0,0,0,0,0,0,0,0,0,0,0,0,0,0,0,0,0,0,0,0,0,0,0,0,0,0,0,0,0,0,0,0,0,0,0,0,0,0,0,0,0,0,0,0,0,0,0,0,0,0,0,0,0,0
P_19,低能量,0,0,0,0,0,0,0,0,0,0,0,0,0,0,0,0,0,0,0,0,0,0,0,0,0,0,0,0,0,0,0,0,0,0,0,0,0,0,0,0,0,0,0,0,0,0,0,0,0,0,0,0,0,0,0,0,0,0,0,0,0,0,0,0,0
P_19,中能量,0,0,20,8,-12,581.1696,581.1696,0,100,100,0,873.1617,71.0139,802.1479,31.74,99.19,-67.45,909.1817,55.0189,854.1628,22.04,31.26,-9.22,71.0139,53.0033,18.0106,18.83,30.59,-11.76,583.1852,909.1817,-325.9965,13.12,22.01,-8.89,929.188,609.1645,320.0235,7.84,20.67,-12.83,168.9894,339.0906,-170.1012,4.47,19.36,-14.89,55.0189,621.1645,-566.1456,3.85,11.64,-7.79,0,57.0346,-57.0346,0,10.47,-10.47,0,355.0855,-355.0855,0,9.18,-9.18
P_19,高能量,0,0,0,0,0,0,0,0,0,0,0,0,0,0,0,0,0,0,0,0,0,0,0,0,0,0,0,0,0,0,0,0,0,0,0,0,0,0,0,0,0,0,0,0,0,0,0,0,0,0,0,0,0,0,0,0,0,0,0,0,0,0,0,0,0
P_20,低能量,0,0,0,0,0,0,0,0,0,0,0,0,0,0,0,0,0,0,0,0,0,0,0,0,0,0,0,0,0,0,0,0,0,0,0,0,0,0,0,0,0,0,0,0,0,0,0,0,0,0,0,0,0,0,0,0,0,0,0,0,0,0,0,0,0
P_20,中能量,0,0,41,34,-7,147.0663,963.1053,-816.039,100,100,0,191.0925,943.0991,-752.0066,50.03,77.21,-27.18,145.0506,712.9637,-567.913,48.3,72.75,-24.45,712.9637,61.0295,651.9342,27.74,71.17,-43.43,919.0791,59.0138,860.0652,25.45,53.09,-27.64,168.9894,168.9894,0,23.88,52.95,-29.07,875.0529,237.1344,637.9185,20.87,42.24,-21.37,237.1344,468.9702,-231.8359,20.13,42.05,-21.92,118.9926,118.9926,0,19.65,37.69,-18.04,468.9702,895.0591,-426.0889,18.77,37.58,-18.81
P_20,高能量,0,0,0,0,0,0,0,0,0,0,0,0,0,0,0,0,0,0,0,0,0,0,0,0,0,0,0,0,0,0,0,0,0,0,0,0,0,0,0,0,0,0,0,0,0,0,0,0,0,0,0,0,0,0,0,0,0,0,0,0,0,0,0,0,0
P_21,低能量,0,0,0,0,0,0,0,0,0,0,0,0,0,0,0,0,0,0,0,0,0,0,0,0,0,0,0,0,0,0,0,0,0,0,0,0,0,0,0,0,0,0,0,0,0,0,0,0,0,0,0,0,0,0,0,0,0,0,0,0,0,0,0,0,0
P_21,中能量,0,0,16,20,4,861.0536,861.0536,0,100,100,0,428.9777,150.9988,277.9789,35.96,28.25,7.71,779.0506,981.0535,-202.0029,32.16,25.88,6.28,961.0472,428.9777,532.0695,29.4,24.93,4.47,130.9926,779.0506,-648.058,29.02,15.58,13.44,448.984,200.9956,247.9884,25.8,12.88,12.92,941.041,961.0472,-20.0062,24.09,12.72,11.37,180.9894,180.9894,0,15.59,8.23,7.36,362.986,448.984,-85.998,11.65,7.3,4.35,280.983,709.0476,-428.0646,9.11,6.56,2.55
P_21,高能量,0,0,0,0,0,0,0,0,0,0,0,0,0,0,0,0,0,0,0,0,0,0,0,0,0,0,0,0,0,0,0,0,0,0,0,0,0,0,0,0,0,0,0,0,0,0,0,0,0,0,0,0,0,0,0,0,0,0,0,0,0,0,0,0,0
P_22,低能量,0,0,0,0,0,0,0,0,0,0,0,0,0,0,0,0,0,0,0,0,0,0,0,0,0,0,0,0,0,0,0,0,0,0,0,0,0,0,0,0,0,0,0,0,0,0,0,0,0,0,0,0,0,0,0,0,0,0,0,0,0,0,0,0,0
P_22,中能量,0,0,23,15,-8,41.0397,85.0295,-43.9898,100,100,0,85.0295,41.0397,43.9898,87.44,67.29,20.15,71.0139,960.9909,-889.977,23.7,28.3,-4.6,87.0452,218.9862,-131.941,22.92,19.88,3.04,892.9647,692.9774,199.9872,18.57,19.55,-0.98,980.9971,892.9647,88.0324,13.34,17.47,-4.13,882.9603,618.9606,263.9997,11.23,14.81,-3.58,69.0346,318.9798,-249.9452,8.89,12.88,-3.99,862.9541,368.9766,493.9775,8.72,11.75,-3.03,692.9774,418.9734,274.004,7.68,11.75,-4.07
P_22,高能量,0,0,0,0,0,0,0,0,0,0,0,0,0,0,0,0,0,0,0,0,0,0,0,0,0,0,0,0,0,0,0,0,0,0,0,0,0,0,0,0,0,0,0,0,0,0,0,0,0,0,0,0,0,0,0,0,0,0,0,0,0,0,0,0,0
P_23,低能量,0,0,0,0,0,0,0,0,0,0,0,0,0,0,0,0,0,0,0,0,0,0,0,0,0,0,0,0,0,0,0,0,0,0,0,0,0,0,0,0,0,0,0,0,0,0,0,0,0,0,0,0,0,0,0,0,0,0,0,0,0,0,0,0,0
P_23,中能量,0,0,5,5,0,168.9894,168.9894,0,100,100,0,184.9843,118.9926,65.9917,73.74,36.75,36.99,980.9667,184.9843,795.9824,31.32,8.38,22.94,118.9926,980.9667,-861.9742,21.23,8.15,13.08,810.9701,810.9701,0,4.7,5.69,-0.99,0,0,0,0,0,0,0,0,0,0,0,0,0,0,0,0,0,0,0,0,0,0,0,0,0,0,0,0,0,0
P_23,高能量,0,0,0,0,0,0,0,0,0,0,0,0,0,0,0,0,0,0,0,0,0,0,0,0,0,0,0,0,0,0,0,0,0,0,0,0,0,0,0,0,0,0,0,0,0,0,0,0,0,0,0,0,0,0,0,0,0,0,0,0,0,0,0,0,0
P_25,低能量,0,0,0,0,0,0,0,0,0,0,0,0,0,0,0,0,0,0,0,0,0,0,0,0,0,0,0,0,0,0,0,0,0,0,0,0,0,0,0,0,0,0,0,0,0,0,0,0,0,0,0,0,0,0,0,0,0,0,0,0,0,0,0,0,0
P_25,中能量,0,0,4,5,1,979.8731,979.8731,0,100,100,0,168.9894,168.9894,0,45.99,17.57,28.42,118.9926,318.9798,-199.9872,21.2,6.12,15.08,218.9862,118.9926,99.9936,8.1,4.22,3.88,268.983,0,268.983,6.93,0,6.93,0,0,0,0,0,0,0,0,0,0,0,0,0,0,0,0,0,0,0,0,0,0,0,0,0,0,0,0,0,0
P_25,高能量,0,0,0,0,0,0,0,0,0,0,0,0,0,0,0,0,0,0,0,0,0,0,0,0,0,0,0,0,0,0,0,0,0,0,0,0,0,0,0,0,0,0,0,0,0,0,0,0,0,0,0,0,0,0,0,0,0,0,0,0,0,0,0,0,0
P_26,低能量,0,0,0,0,0,0,0,0,0,0,0,0,0,0,0,0,0,0,0,0,0,0,0,0,0,0,0,0,0,0,0,0,0,0,0,0,0,0,0,0,0,0,0,0,0,0,0,0,0,0,0,0,0,0,0,0,0,0,0,0,0,0,0,0,0
P_26,中能量,0,0,61,64,3,959.3668,312.9892,646.3776,100,100,0,543.3022,168.9894,374.3129,100,92.91,7.09,587.3284,959.3668,-372.0383,61.09,88.04,-26.95,499.276,59.0138,440.2622,44.99,75.48,-30.49,367.1974,633.3703,-266.1729,44.45,65.06,-20.61,323.1711,332.9954,-9.8243,44.11,63.54,-19.43,279.1449,61.0295,218.1154,43.95,59.75,-15.8,235.1187,939.3606,-704.2418,43.38,42.91,0.47,312.9892,891.3206,-578.3314,41.57,35.18,6.39,455.2498,827.2881,-372.0383,41.33,30.07,11.26
P_26,高能量,0,0,0,0,0,0,0,0,0,0,0,0,0,0,0,0,0,0,0,0,0,0,0,0,0,0,0,0,0,0,0,0,0,0,0,0,0,0,0,0,0,0,0,0,0,0,0,0,0,0,0,0,0,0,0,0,0,0,0,0,0,0,0,0,0
P_27,低能量,0,0,0,0,0,0,0,0,0,0,0,0,0,0,0,0,0,0,0,0,0,0,0,0,0,0,0,0,0,0,0,0,0,0,0,0,0,0,0,0,0,0,0,0,0,0,0,0,0,0,0,0,0,0,0,0,0,0,0,0,0,0,0,0,0
P_27,中能量,0,0,17,18,1,915.0776,915.0776,0,100,100,0,118.9926,939.0612,-820.0687,18.97,32.19,-13.22,468.9702,959.0675,-490.0973,18.51,28.92,-10.41,935.0839,935.0839,0,16.98,20.84,-3.86,268.983,168.9894,99.9936,16.84,10.79,6.05,318.9798,518.967,-199.9872,16.84,9.24,7.6,368.9766,468.9702,-99.9936,16.84,6.99,9.85,418.9734,118.9926,299.9808,16.83,6.5,10.33,218.9862,268.983,-49.9968,16.06,6.06,10,187.0911,318.9798,-131.8887,15.56,6.06,9.5
P_27,高能量,0,0,0,0,0,0,0,0,0,0,0,0,0,0,0,0,0,0,0,0,0,0,0,0,0,0,0,0,0,0,0,0,0,0,0,0,0,0,0,0,0,0,0,0,0,0,0,0,0,0,0,0,0,0,0,0,0,0,0,0,0,0,0,0,0
P_28,低能量,0,0,0,0,0,0,0,0,0,0,0,0,0,0,0,0,0,0,0,0,0,0,0,0,0,0,0,0,0,0,0,0,0,0,0,0,0,0,0,0,0,0,0,0,0,0,0,0,0,0,0,0,0,0,0,0,0,0,0,0,0,0,0,0,0
P_28,中能量,0,0,9,7,-2,184.9843,184.9843,0,100,100,0,350.9696,516.955,-165.9853,50.61,87.94,-37.33,516.955,682.9403,-165.9853,50.61,87.94,-37.33,682.9403,284.9779,397.9624,50.61,10.29,40.32,284.9779,118.9926,165.9853,9.77,4.01,5.76,182.9886,450.9632,-267.9746,5.5,3.72,1.78,118.9926,616.9486,-497.956,5.15,3.72,1.43,0,848.9256,-848.9256,0,3.62,-3.62,0,350.9696,-350.9696,0,3.45,-3.45,0,0,0,0,0,0
P_28,高能量,0,0,0,0,0,0,0,0,0,0,0,0,0,0,0,0,0,0,0,0,0,0,0,0,0,0,0,0,0,0,0,0,0,0,0,0,0,0,0,0,0,0,0,0,0,0,0,0,0,0,0,0,0,0,0,0,0,0,0,0,0,0,0,0,0
P_29,低能量,0,0,0,0,0,0,0,0,0,0,0,0,0,0,0,0,0,0,0,0,0,0,0,0,0,0,0,0,0,0,0,0,0,0,0,0,0,0,0,0,0,0,0,0,0,0,0,0,0,0,0,0,0,0,0,0,0,0,0,0,0,0,0,0,0
P_29,中能量,0,0,18,17,-1,168.9894,168.9894,0,100,100,0,977.0975,611.0886,366.009,100,65.08,34.92,285.0921,118.9926,166.0995,27.96,20.99,6.97,937.0851,613.0843,324.0008,26.87,15.52,11.35,611.0886,937.0851,-325.9965,24.56,14.6,9.96,613.0843,957.0913,-344.0071,13.48,13.93,-0.45,283.0765,609.0729,-325.9965,11.27,10.48,0.79,609.0729,283.0765,325.9965,10.39,8.14,2.25,361.1046,977.0975,-615.993,10.25,6.88,3.37,461.0982,68.9958,392.1024,9.57,6.61,2.96
P_29,高能量,0,0,0,0,0,0,0,0,0,0,0,0,0,0,0,0,0,0,0,0,0,0,0,0,0,0,0,0,0,0,0,0,0,0,0,0,0,0,0,0,0,0,0,0,0,0,0,0,0,0,0,0,0,0,0,0,0,0,0,0,0,0,0,0,0
P_31,低能量,0,0,0,0,0,0,0,0,0,0,0,0,0,0,0,0,0,0,0,0,0,0,0,0,0,0,0,0,0,0,0,0,0,0,0,0,0,0,0,0,0,0,0,0,0,0,0,0,0,0,0,0,0,0,0,0,0,0,0,0,0,0,0,0,0
P_31,中能量,0,0,12,16,4,539.9663,168.9894,370.9769,100,100,0,434.9683,975.9419,-540.9736,79.27,100,-20.73,135.9805,955.9357,-819.9551,23.63,74.82,-51.19,119.9856,539.9663,-419.9807,22.77,62.6,-39.83,168.9894,118.9926,49.9968,21.72,53.69,-31.97,935.9294,935.9294,0,13.56,25.27,-11.71,931.9157,218.9862,712.9295,11.71,13.94,-2.23,555.9612,434.9683,120.9929,9.52,9.31,0.21,519.9401,268.983,250.9571,6.89,8.48,-1.59,218.9862,135.9805,83.0057,6.13,4.2,1.93
P_31,高能量,0,0,0,0,0,0,0,0,0,0,0,0,0,0,0,0,0,0,0,0,0,0,0,0,0,0,0,0,0,0,0,0,0,0,0,0,0,0,0,0,0,0,0,0,0,0,0,0,0,0,0,0,0,0,0,0,0,0,0,0,0,0,0,0,0
P_32,低能量,0,0,0,0,0,0,0,0,0,0,0,0,0,0,0,0,0,0,0,0,0,0,0,0,0,0,0,0,0,0,0,0,0,0,0,0,0,0,0,0,0,0,0,0,0,0,0,0,0,0,0,0,0,0,0,0,0,0,0,0,0,0,0,0,0
P_32,中能量,0,0,18,8,-10,78.9591,78.9591,0,100,100,0,972.951,972.951,0,100,90.97,9.03,96.9696,952.9447,-855.9751,36.61,16.94,19.67,952.9447,932.9385,20.0062,6.09,13.9,-7.81,932.9385,96.9696,835.9689,5.47,11.7,-6.23,168.9894,168.9894,0,3.91,8.22,-4.31,252.9895,568.9638,-315.9744,3.2,7.62,-4.42,118.9926,668.9574,-549.9649,3.18,7.45,-4.27,0,118.9926,-118.9926,0,6.15,-6.15,0,268.983,-268.983,0,6.1,-6.1
P_32,高能量,0,0,0,0,0,0,0,0,0,0,0,0,0,0,0,0,0,0,0,0,0,0,0,0,0,0,0,0,0,0,0,0,0,0,0,0,0,0,0,0,0,0,0,0,0,0,0,0,0,0,0,0,0,0,0,0,0,0,0,0,0,0,0,0,0
P_33,低能量,0,0,0,0,0,0,0,0,0,0,0,0,0,0,0,0,0,0,0,0,0,0,0,0,0,0,0,0,0,0,0,0,0,0,0,0,0,0,0,0,0,0,0,0,0,0,0,0,0,0,0,0,0,0,0,0,0,0,0,0,0,0,0,0,0
P_33,中能量,0,0,21,20,-1,952.8696,932.8633,20.0062,100,100,0,932.8633,972.8758,-40.0125,93.49,98.62,-5.13,168.9894,952.8696,-783.8802,22.17,86.25,-64.08,568.9638,168.9894,399.9745,19.06,26.23,-7.17,268.983,568.9638,-299.9808,17.91,21.68,-3.77,318.9798,118.9926,199.9872,17.88,18.11,-0.23,368.9766,268.983,99.9936,17.77,17.31,0.46,418.9734,318.9798,99.9936,17.77,17.31,0.46,468.9702,368.9766,99.9936,17.77,17.31,0.46,518.967,418.9734,99.9936,17.77,17.31,0.46
P_33,高能量,0,0,0,0,0,0,0,0,0,0,0,0,0,0,0,0,0,0,0,0,0,0,0,0,0,0,0,0,0,0,0,0,0,0,0,0,0,0,0,0,0,0,0,0,0,0,0,0,0,0,0,0,0,0,0,0,0,0,0,0,0,0,0,0,0
P_34,低能量,0,0,0,0,0,0,0,0,0,0,0,0,0,0,0,0,0,0,0,0,0,0,0,0,0,0,0,0,0,0,0,0,0,0,0,0,0,0,0,0,0,0,0,0,0,0,0,0,0,0,0,0,0,0,0,0,0,0,0,0,0,0,0,0,0
P_34,中能量,0,0,10,10,0,932.826,932.826,0,100,100,0,638.8357,952.8322,-313.9965,41.33,32.62,8.71,952.8322,638.8357,313.9965,22.13,25.7,-3.57,732.8387,168.9894,563.8493,16.16,24.72,-8.56,752.845,782.8355,-29.9906,14.91,22.98,-8.07,532.8515,972.8384,-439.9869,10.32,6.91,3.41,168.9894,318.9798,-149.9904,7.71,6.24,1.47,972.8384,824.9199,147.9185,6.87,5.19,1.68,782.8355,802.8418,-20.0062,5.11,4.8,0.31,824.9199,118.9926,705.9273,3.83,3.52,0.31
P_34,高能量,0,0,0,0,0,0,0,0,0,0,0,0,0,0,0,0,0,0,0,0,0,0,0,0,0,0,0,0,0,0,0,0,0,0,0,0,0,0,0,0,0,0,0,0,0,0,0,0,0,0,0,0,0,0,0,0,0,0,0,0,0,0,0,0,0
P_35,低能量,0,0,0,0,0,0,0,0,0,0,0,0,0,0,0,0,0,0,0,0,0,0,0,0,0,0,0,0,0,0,0,0,0,0,0,0,0,0,0,0,0,0,0,0,0,0,0,0,0,0,0,0,0,0,0,0,0,0,0,0,0,0,0,0,0
P_35,中能量,0,0,45,44,-1,235.1187,951.1641,-716.0454,100,100,0,279.1449,612.9701,-333.8251,70,76,-6,191.0925,931.1579,-740.0654,48.76,64.91,-16.15,147.0663,61.0295,86.0368,39.96,58.81,-18.85,612.9701,168.9894,443.9807,36.18,55.81,-19.63,907.1379,59.0138,848.124,27.12,54.84,-27.72,863.1117,325.1868,537.9249,24.88,45.15,-20.27,632.9763,368.9766,263.9997,23.53,42.54,-19.01,325.1868,118.9926,206.1942,22.31,39.73,-17.42,59.0138,268.983,-209.9691,22.08,36.79,-14.71
P_35,高能量,0,0,0,0,0,0,0,0,0,0,0,0,0,0,0,0,0,0,0,0,0,0,0,0,0,0,0,0,0,0,0,0,0,0,0,0,0,0,0,0,0,0,0,0,0,0,0,0,0,0,0,0,0,0,0,0,0,0,0,0,0,0,0,0,0
P_36,低能量,0,0,0,0,0,0,0,0,0,0,0,0,0,0,0,0,0,0,0,0,0,0,0,0,0,0,0,0,0,0,0,0,0,0,0,0,0,0,0,0,0,0,0,0,0,0,0,0,0,0,0,0,0,0,0,0,0,0,0,0,0,0,0,0,0
P_36,中能量,0,0,4,4,0,970.9463,970.9463,0,100,100,0,852.9421,872.9483,-20.0062,100,83.82,16.18,872.9483,950.94,-77.9917,12.89,16.63,-3.74,774.9504,68.9958,705.9546,8.99,6.78,2.21,0,0,0,0,0,0,0,0,0,0,0,0,0,0,0,0,0,0,0,0,0,0,0,0,0,0,0,0,0,0,0,0,0,0,0,0
P_36,高能量,0,0,0,0,0,0,0,0,0,0,0,0,0,0,0,0,0,0,0,0,0,0,0,0,0,0,0,0,0,0,0,0,0,0,0,0,0,0,0,0,0,0,0,0,0,0,0,0,0,0,0,0,0,0,0,0,0,0,0,0,0,0,0,0,0
P_39,低能量,0,0,0,0,0,0,0,0,0,0,0,0,0,0,0,0,0,0,0,0,0,0,0,0,0,0,0,0,0,0,0,0,0,0,0,0,0,0,0,0,0,0,0,0,0,0,0,0,0,0,0,0,0,0,0,0,0,0,0,0,0,0,0,0,0
P_39,中能量,0,0,1,2,1,968.9596,968.9596,0,100,100,0,966.9439,0,966.9439,3.55,0,3.55,0,0,0,0,0,0,0,0,0,0,0,0,0,0,0,0,0,0,0,0,0,0,0,0,0,0,0,0,0,0,0,0,0,0,0,0,0,0,0,0,0,0,0,0,0,0,0,0
P_39,高能量,0,0,0,0,0,0,0,0,0,0,0,0,0,0,0,0,0,0,0,0,0,0,0,0,0,0,0,0,0,0,0,0,0,0,0,0,0,0,0,0,0,0,0,0,0,0,0,0,0,0,0,0,0,0,0,0,0,0,0,0,0,0,0,0,0
P_40,低能量,0,0,0,0,0,0,0,0,0,0,0,0,0,0,0,0,0,0,0,0,0,0,0,0,0,0,0,0,0,0,0,0,0,0,0,0,0,0,0,0,0,0,0,0,0,0,0,0,0,0,0,0,0,0,0,0,0,0,0,0,0,0,0,0,0
P_40,中能量,0,0,3,3,0,415.6356,968.5996,-552.964,100,100,0,968.5996,415.6356,552.964,23.62,68.23,-44.61,379.6589,379.6589,0,17.98,3.29,14.69,0,0,0,0,0,0,0,0,0,0,0,0,0,0,0,0,0,0,0,0,0,0,0,0,0,0,0,0,0,0,0,0,0,0,0,0,0,0,0,0,0,0
P_40,高能量,0,0,0,0,0,0,0,0,0,0,0,0,0,0,0,0,0,0,0,0,0,0,0,0,0,0,0,0,0,0,0,0,0,0,0,0,0,0,0,0,0,0,0,0,0,0,0,0,0,0,0,0,0,0,0,0,0,0,0,0,0,0,0,0,0
P_41,低能量,0,0,0,0,0,0,0,0,0,0,0,0,0,0,0,0,0,0,0,0,0,0,0,0,0,0,0,0,0,0,0,0,0,0,0,0,0,0,0,0,0,0,0,0,0,0,0,0,0,0,0,0,0,0,0,0,0,0,0,0,0,0,0,0,0
P_41,中能量,0,0,17,15,-2,428.9777,428.9777,0,100,100,0,927.0254,927.0254,0,60.64,74.45,-13.81,448.984,448.984,0,32.49,57.35,-24.86,967.0378,847.038,119.9998,16.04,37.26,-21.22,847.038,967.0378,-119.9998,15.01,25.64,-10.63,146.9875,101.002,45.9855,12.66,15.69,-3.03,765.0349,146.9875,618.0475,5.95,14.82,-8.87,130.9926,150.9988,-20.0062,5.05,13.38,-8.33,180.9894,483.0447,-302.0553,4.39,12.47,-8.08,430.9934,180.9894,250.004,4.23,12.1,-7.87
P_41,高能量,0,0,0,0,0,0,0,0,0,0,0,0,0,0,0,0,0,0,0,0,0,0,0,0,0,0,0,0,0,0,0,0,0,0,0,0,0,0,0,0,0,0,0,0,0,0,0,0,0,0,0,0,0,0,0,0,0,0,0,0,0,0,0,0,0
P_42,低能量,0,0,0,0,0,0,0,0,0,0,0,0,0,0,0,0,0,0,0,0,0,0,0,0,0,0,0,0,0,0,0,0,0,0,0,0,0,0,0,0,0,0,0,0,0,0,0,0,0,0,0,0,0,0,0,0,0,0,0,0,0,0,0,0,0
P_42,中能量,0,0,13,16,3,274.9888,600.9853,-325.9965,100,100,0,600.9853,926.9818,-325.9965,100,100,0,540.9289,274.9888,265.9401,72.26,78.17,-5.91,542.9446,542.9446,0,70.03,66.54,3.49,618.9759,540.9289,78.047,67.72,52.89,14.83,620.9915,946.988,-325.9965,65.9,12.13,53.77,450.9949,168.9894,282.0055,13.83,11,2.83,277.0045,620.9915,-343.9871,13.12,9.43,3.69,301.0045,966.9942,-665.9898,6.07,8.08,-2.01,168.9894,277.0045,-108.0151,5.11,8.04,-2.93
P_42,高能量,0,0,0,0,0,0,0,0,0,0,0,0,0,0,0,0,0,0,0,0,0,0,0,0,0,0,0,0,0,0,0,0,0,0,0,0,0,0,0,0,0,0,0,0,0,0,0,0,0,0,0,0,0,0,0,0,0,0,0,0,0,0,0,0,0
P_43,低能量,0,0,0,0,0,0,0,0,0,0,0,0,0,0,0,0,0,0,0,0,0,0,0,0,0,0,0,0,0,0,0,0,0,0,0,0,0,0,0,0,0,0,0,0,0,0,0,0,0,0,0,0,0,0,0,0,0,0,0,0,0,0,0,0,0
P_43,中能量,0,0,9,11,2,71.0139,71.0139,0,100,100,0,966.9814,692.9774,274.004,45.63,31.05,14.58,892.9647,53.0033,839.9614,22.97,29.81,-6.84,68.9982,912.9709,-843.9727,11.13,10.82,0.31,882.9603,892.9647,-10.0043,7.03,8.75,-1.72,692.9774,966.9814,-274.004,5.62,8.29,-2.67,27.024,946.9752,-919.9512,3.41,6.92,-3.51,218.9862,68.9982,149.988,3.29,5.76,-2.47,946.9752,218.9862,727.989,3.19,5.44,-2.25,53.0033,0,53.0033,3.13,0,3.13
P_43,高能量,0,0,0,0,0,0,0,0,0,0,0,0,0,0,0,0,0,0,0,0,0,0,0,0,0,0,0,0,0,0,0,0,0,0,0,0,0,0,0,0,0,0,0,0,0,0,0,0,0,0,0,0,0,0,0,0,0,0,0,0,0,0,0,0,0
P_44,低能量,0,0,0,0,0,0,0,0,0,0,0,0,0,0,0,0,0,0,0,0,0,0,0,0,0,0,0,0,0,0,0,0,0,0,0,0,0,0,0,0,0,0,0,0,0,0,0,0,0,0,0,0,0,0,0,0,0,0,0,0,0,0,0,0,0
P_44,中能量,0,0,29,52,23,834.161,59.0138,775.1472,100,100,0,268.983,168.9894,99.9936,100,61.99,38.01,147.0663,268.983,-121.9167,97.36,47.08,50.28,946.2334,61.0295,885.2039,94.32,41.05,53.27,59.0138,118.9926,-59.9787,91.3,40.47,50.83,218.9862,878.1872,-659.201,87.55,37.78,49.77,191.0925,946.2334,-755.1409,84.19,26.08,58.11,118.9926,218.9862,-99.9936,82.04,22.92,59.12,878.1872,103.0401,775.1472,72.22,21.12,51.1,614.0299,418.9734,195.0565,70.55,16.1,54.45
P_44,高能量,0,0,0,0,0,0,0,0,0,0,0,0,0,0,0,0,0,0,0,0,0,0,0,0,0,0,0,0,0,0,0,0,0,0,0,0,0,0,0,0,0,0,0,0,0,0,0,0,0,0,0,0,0,0,0,0,0,0,0,0,0,0,0,0,0
P_45,低能量,0,0,0,0,0,0,0,0,0,0,0,0,0,0,0,0,0,0,0,0,0,0,0,0,0,0,0,0,0,0,0,0,0,0,0,0,0,0,0,0,0,0,0,0,0,0,0,0,0,0,0,0,0,0,0,0,0,0,0,0,0,0,0,0,0
P_45,中能量,0,0,16,10,-6,130.9926,428.9777,-297.9852,100,100,0,844.9859,924.9733,-79.9874,100,74.36,25.64,428.9777,448.984,-20.0062,100,56.14,43.86,924.9733,964.9858,-40.0125,62.47,25.65,36.82,448.984,844.9859,-396.002,36.28,17.3,18.98,964.9858,480.9926,483.9931,15.92,15.73,0.19,146.9875,101.002,45.9855,12.33,15.68,-3.35,944.9796,146.9875,797.9921,7.4,14.13,-6.73,180.9894,180.9894,0,4.33,12.09,-7.76,101.002,150.9988,-49.9968,3.86,8.39,-4.53
P_45,高能量,0,0,0,0,0,0,0,0,0,0,0,0,0,0,0,0,0,0,0,0,0,0,0,0,0,0,0,0,0,0,0,0,0,0,0,0,0,0,0,0,0,0,0,0,0,0,0,0,0,0,0,0,0,0,0,0,0,0,0,0,0,0,0,0,0
P_46,低能量,0,0,0,0,0,0,0,0,0,0,0,0,0,0,0,0,0,0,0,0,0,0,0,0,0,0,0,0,0,0,0,0,0,0,0,0,0,0,0,0,0,0,0,0,0,0,0,0,0,0,0,0,0,0,0,0,0,0,0,0,0,0,0,0,0
P_46,中能量,0,0,5,5,0,964.9494,368.9766,595.9728,100,100,0,368.9766,964.9494,-595.9728,98.47,50.75,47.72,434.9683,268.983,165.9853,37.39,27.67,9.72,268.983,946.9388,-677.9559,17.34,7.17,10.17,946.9388,434.9683,511.9705,8.28,4.16,4.12,0,0,0,0,0,0,0,0,0,0,0,0,0,0,0,0,0,0,0,0,0,0,0,0,0,0,0,0,0,0
P_46,高能量,0,0,0,0,0,0,0,0,0,0,0,0,0,0,0,0,0,0,0,0,0,0,0,0,0,0,0,0,0,0,0,0,0,0,0,0,0,0,0,0,0,0,0,0,0,0,0,0,0,0,0,0,0,0,0,0,0,0,0,0,0,0,0,0,0
P_47,低能量,0,0,0,0,0,0,0,0,0,0,0,0,0,0,0,0,0,0,0,0,0,0,0,0,0,0,0,0,0,0,0,0,0,0,0,0,0,0,0,0,0,0,0,0,0,0,0,0,0,0,0,0,0,0,0,0,0,0,0,0,0,0,0,0,0
P_47,中能量,0,0,1,1,0,964.9021,964.9021,0,100,100,0,0,0,0,0,0,0,0,0,0,0,0,0,0,0,0,0,0,0,0,0,0,0,0,0,0,0,0,0,0,0,0,0,0,0,0,0,0,0,0,0,0,0,0,0,0,0,0,0,0,0,0,0,0,0
P_47,高能量,0,0,0,0,0,0,0,0,0,0,0,0,0,0,0,0,0,0,0,0,0,0,0,0,0,0,0,0,0,0,0,0,0,0,0,0,0,0,0,0,0,0,0,0,0,0,0,0,0,0,0,0,0,0,0,0,0,0,0,0,0,0,0,0,0
P_49,低能量,0,0,0,0,0,0,0,0,0,0,0,0,0,0,0,0,0,0,0,0,0,0,0,0,0,0,0,0,0,0,0,0,0,0,0,0,0,0,0,0,0,0,0,0,0,0,0,0,0,0,0,0,0,0,0,0,0,0,0,0,0,0,0,0,0
P_49,中能量,0,0,23,18,-5,912.9509,942.9615,-30.0106,100,100,0,932.9571,912.9509,20.0062,24.57,86.44,-61.87,942.9615,962.9677,-20.0062,20.53,83.37,-62.84,118.9926,168.9894,-49.9968,16.7,53.55,-36.85,668.9574,668.9574,0,16.34,47.98,-31.64,318.9798,118.9926,199.9872,14.81,38.23,-23.42,368.9766,268.983,99.9936,14.73,37.93,-23.2,418.9734,318.9798,99.9936,14.73,37.93,-23.2,468.9702,368.9766,99.9936,14.73,37.93,-23.2,518.967,418.9734,99.9936,14.73,37.93,-23.2
P_49,高能量,0,0,0,0,0,0,0,0,0,0,0,0,0,0,0,0,0,0,0,0,0,0,0,0,0,0,0,0,0,0,0,0,0,0,0,0,0,0,0,0,0,0,0,0,0,0,0,0,0,0,0,0,0,0,0,0,0,0,0,0,0,0,0,0,0
P_50,低能量,0,0,0,0,0,0,0,0,0,0,0,0,0,0,0,0,0,0,0,0,0,0,0,0,0,0,0,0,0,0,0,0,0,0,0,0,0,0,0,0,0,0,0,0,0,0,0,0,0,0,0,0,0,0,0,0,0,0,0,0,0,0,0,0,0
P_50,中能量,0,0,3,3,0,918.9415,918.9415,0,100,100,0,962.9313,818.9479,143.9834,87.43,34.72,52.71,818.9479,962.9313,-143.9834,17.14,13.43,3.71,0,0,0,0,0,0,0,0,0,0,0,0,0,0,0,0,0,0,0,0,0,0,0,0,0,0,0,0,0,0,0,0,0,0,0,0,0,0,0,0,0,0
P_50,高能量,0,0,0,0,0,0,0,0,0,0,0,0,0,0,0,0,0,0,0,0,0,0,0,0,0,0,0,0,0,0,0,0,0,0,0,0,0,0,0,0,0,0,0,0,0,0,0,0,0,0,0,0,0,0,0,0,0,0,0,0,0,0,0,0,0
P_51,低能量,0,0,0,0,0,0,0,0,0,0,0,0,0,0,0,0,0,0,0,0,0,0,0,0,0,0,0,0,0,0,0,0,0,0,0,0,0,0,0,0,0,0,0,0,0,0,0,0,0,0,0,0,0,0,0,0,0,0,0,0,0,0,0,0,0
P_51,中能量,0,0,2,4,2,962.8215,962.8215,0,100,100,0,226.9429,942.8153,-715.8723,12.61,8.55,4.06,942.8153,0,942.8153,6.8,0,6.8,206.9367,0,206.9367,3.07,0,3.07,0,0,0,0,0,0,0,0,0,0,0,0,0,0,0,0,0,0,0,0,0,0,0,0,0,0,0,0,0,0,0,0,0,0,0,0
P_51,高能量,0,0,0,0,0,0,0,0,0,0,0,0,0,0,0,0,0,0,0,0,0,0,0,0,0,0,0,0,0,0,0,0,0,0,0,0,0,0,0,0,0,0,0,0,0,0,0,0,0,0,0,0,0,0,0,0,0,0,0,0,0,0,0,0,0
P_54,低能量,0,0,0,0,0,0,0,0,0,0,0,0,0,0,0,0,0,0,0,0,0,0,0,0,0,0,0,0,0,0,0,0,0,0,0,0,0,0,0,0,0,0,0,0,0,0,0,0,0,0,0,0,0,0,0,0,0,0,0,0,0,0,0,0,0
P_54,中能量,0,0,50,51,1,323.1711,939.2229,-616.0518,100,100,0,367.1974,512.9764,-145.7791,68.41,85.24,-16.83,279.1449,61.0295,218.1154,54.18,65.21,-11.03,147.0663,168.9894,-21.9231,42.23,62.59,-20.36,512.9764,59.0138,453.9626,38.65,62.15,-23.5,235.1187,919.2167,-684.098,37.62,60.49,-22.87,191.0925,413.2392,-222.1467,35.99,48.28,-12.29,895.1967,268.983,626.2137,27.65,45.9,-18.25,118.9926,118.9926,0,24.87,42.6,-17.73,851.1705,532.9827,318.1878,24.03,37.62,-13.59
P_54,高能量,0,0,0,0,0,0,0,0,0,0,0,0,0,0,0,0,0,0,0,0,0,0,0,0,0,0,0,0,0,0,0,0,0,0,0,0,0,0,0,0,0,0,0,0,0,0,0,0,0,0,0,0,0,0,0,0,0,0,0,0,0,0,0,0,0
P_55,低能量,0,0,0,0,0,0,0,0,0,0,0,0,0,0,0,0,0,0,0,0,0,0,0,0,0,0,0,0,0,0,0,0,0,0,0,0,0,0,0,0,0,0,0,0,0,0,0,0,0,0,0,0,0,0,0,0,0,0,0,0,0,0,0,0,0
P_55,中能量,0,0,51,38,-13,939.1082,119.017,820.0912,100,100,0,119.017,553.0542,-434.0372,100,75.51,24.49,899.0569,899.0569,0,25.29,64.47,-39.18,553.0542,593.1054,-40.0513,20.61,37.95,-17.34,121.0326,881.0663,-760.0336,20.54,37.94,-17.4,857.0099,467.0354,389.9746,18.39,30.97,-12.58,467.0354,121.0326,346.0027,18.3,24.19,-5.89,465.0197,897.0612,-432.0415,17.68,20.92,-3.24,509.0823,857.0099,-347.9276,17.25,20.11,-2.86,59.0502,265.0933,-206.0431,16.98,19.9,-2.92
P_55,高能量,0,0,0,0,0,0,0,0,0,0,0,0,0,0,0,0,0,0,0,0,0,0,0,0,0,0,0,0,0,0,0,0,0,0,0,0,0,0,0,0,0,0,0,0,0,0,0,0,0,0,0,0,0,0,0,0,0,0,0,0,0,0,0,0,0
P_56,低能量,0,0,0,0,0,0,0,0,0,0,0,0,0,0,0,0,0,0,0,0,0,0,0,0,0,0,0,0,0,0,0,0,0,0,0,0,0,0,0,0,0,0,0,0,0,0,0,0,0,0,0,0,0,0,0,0,0,0,0,0,0,0,0,0,0
P_56,中能量,0,0,13,13,0,918.8103,918.8103,0,100,100,0,468.839,938.8165,-469.9775,88.43,39.2,49.23,418.8422,168.9894,249.8529,27.9,28.1,-0.2,938.8165,418.8422,519.9743,22.07,13.78,8.29,738.8293,668.8263,70.003,17.83,13.33,4.5,168.9894,268.983,-99.9936,9.23,13.3,-4.07,718.8231,688.8325,29.9906,8.05,7.95,0.1,668.8263,452.9015,215.9248,6.79,6.4,0.39,810.9042,958.8228,-147.9185,5.75,6.31,-0.56,958.8228,118.9926,839.8302,5.64,5.2,0.44
P_56,高能量,0,0,0,0,0,0,0,0,0,0,0,0,0,0,0,0,0,0,0,0,0,0,0,0,0,0,0,0,0,0,0,0,0,0,0,0,0,0,0,0,0,0,0,0,0,0,0,0,0,0,0,0,0,0,0,0,0,0,0,0,0,0,0,0,0
P_57,低能量,0,0,0,0,0,0,0,0,0,0,0,0,0,0,0,0,0,0,0,0,0,0,0,0,0,0,0,0,0,0,0,0,0,0,0,0,0,0,0,0,0,0,0,0,0,0,0,0,0,0,0,0,0,0,0,0,0,0,0,0,0,0,0,0,0
P_57,中能量,0,0,46,35,-11,457.2111,937.2881,-480.077,100,100,0,839.1949,353.1637,486.0312,98.91,100,-1.09,937.2881,457.2111,480.077,73.51,86.99,-13.48,879.2462,118.9926,760.2537,64.34,78.04,-13.7,118.9926,168.9894,-49.9968,41.53,74.5,-32.97,735.1476,879.2462,-144.0986,40.37,56.03,-15.66,168.9894,877.2306,-708.2412,31.74,36.27,-4.53,899.2524,383.1743,516.0782,31.01,35.9,-4.89,883.2211,369.1586,514.0625,28.34,28.95,-0.61,501.2373,735.1476,-233.9103,20.09,22.37,-2.28
P_57,高能量,0,0,0,0,0,0,0,0,0,0,0,0,0,0,0,0,0,0,0,0,0,0,0,0,0,0,0,0,0,0,0,0,0,0,0,0,0,0,0,0,0,0,0,0,0,0,0,0,0,0,0,0,0,0,0,0,0,0,0,0,0,0,0,0,0
P_58,低能量,0,0,0,0,0,0,0,0,0,0,0,0,0,0,0,0,0,0,0,0,0,0,0,0,0,0,0,0,0,0,0,0,0,0,0,0,0,0,0,0,0,0,0,0,0,0,0,0,0,0,0,0,0,0,0,0,0,0,0,0,0,0,0,0,0
P_58,中能量,0,0,18,14,-4,956.9724,490.9699,466.0026,100,100,0,490.9699,956.9724,-466.0026,100,93.52,6.48,916.96,62.9641,853.9958,57.6,57.48,0.12,76.9798,76.9798,0,42.23,28.97,13.26,936.9662,168.9894,767.9769,32.3,19.87,12.43,492.9855,218.9862,273.9994,23.56,16.34,7.22,62.9641,522.9761,-460.012,20.49,13.66,6.83,118.9926,492.9855,-373.993,16.11,11.67,4.44,168.9894,936.9662,-767.9769,11.36,10.82,0.54,522.9761,118.9926,403.9836,11.35,10.57,0.78
P_58,高能量,0,0,0,0,0,0,0,0,0,0,0,0,0,0,0,0,0,0,0,0,0,0,0,0,0,0,0,0,0,0,0,0,0,0,0,0,0,0,0,0,0,0,0,0,0,0,0,0,0,0,0,0,0,0,0,0,0,0,0,0,0,0,0,0,0
P_59,低能量,0,0,0,0,0,0,0,0,0,0,0,0,0,0,0,0,0,0,0,0,0,0,0,0,0,0,0,0,0,0,0,0,0,0,0,0,0,0,0,0,0,0,0,0,0,0,0,0,0,0,0,0,0,0,0,0,0,0,0,0,0,0,0,0,0
P_59,中能量,0,0,19,13,-6,916.9327,916.9327,0,100,100,0,118.9926,458.9706,-339.978,64.99,66.46,-1.47,936.9389,936.9389,0,38.36,55.91,-17.55,510.9488,64.9525,445.9963,30.58,34.13,-3.55,64.9525,510.9488,-445.9963,25.28,34.04,-8.76,458.9706,168.9894,289.9812,11.78,32.77,-20.99,168.9894,390.949,-221.9596,10.43,25.96,-15.53,490.9426,118.9926,371.9501,8.38,19.32,-10.94,492.9583,490.9426,2.0157,7.92,17.69,-9.77,956.9452,492.9583,463.9869,7.9,9.78,-1.88
P_59,高能量,0,0,0,0,0,0,0,0,0,0,0,0,0,0,0,0,0,0,0,0,0,0,0,0,0,0,0,0,0,0,0,0,0,0,0,0,0,0,0,0,0,0,0,0,0,0,0,0,0,0,0,0,0,0,0,0,0,0,0,0,0,0,0,0,0
P_61,低能量,0,0,0,0,0,0,0,0,0,0,0,0,0,0,0,0,0,0,0,0,0,0,0,0,0,0,0,0,0,0,0,0,0,0,0,0,0,0,0,0,0,0,0,0,0,0,0,0,0,0,0,0,0,0,0,0,0,0,0,0,0,0,0,0,0
P_61,中能量,0,0,13,18,5,589.0382,589.0382,0,100,100,0,261.0261,261.0261,0,36.84,22.14,14.7,587.0226,587.0226,0,24.51,13.82,10.69,915.0347,915.0347,0,20.05,9.77,10.28,591.0539,168.9894,422.0645,13.69,9.37,4.32,168.9894,591.0539,-422.0645,12.73,7.21,5.52,535.0254,935.0409,-400.0155,12.52,6.31,6.21,935.0409,955.0472,-20.0062,9.63,4.06,5.57,609.0444,607.0288,2.0157,9.12,3.75,5.37,607.0288,439.0478,167.981,8.22,3.56,4.66
P_61,高能量,0,0,0,0,0,0,0,0,0,0,0,0,0,0,0,0,0,0,0,0,0,0,0,0,0,0,0,0,0,0,0,0,0,0,0,0,0,0,0,0,0,0,0,0,0,0,0,0,0,0,0,0,0,0,0,0,0,0,0,0,0,0,0,0,0
P_62,低能量,0,0,0,0,0,0,0,0,0,0,0,0,0,0,0,0,0,0,0,0,0,0,0,0,0,0,0,0,0,0,0,0,0,0,0,0,0,0,0,0,0,0,0,0,0,0,0,0,0,0,0,0,0,0,0,0,0,0,0,0,0,0,0,0,0
P_62,中能量,0,0,18,32,14,782.9161,168.9894,613.9268,100,100,0,168.9894,935.0311,-766.0417,95.67,91.83,3.84,955.0373,568.9638,386.0735,78.43,78.28,0.15,935.0311,468.9702,466.0609,60.31,70.93,-10.62,784.9318,118.9926,665.9392,58.02,69.73,-11.71,235.0758,418.9734,-183.8976,47.79,66.55,-18.76,786.9474,268.983,517.9645,31.44,66.25,-34.81,118.9926,318.9798,-199.9872,22.48,66.25,-43.77,937.0268,368.9766,568.0502,21.93,66.25,-44.32,191.086,518.967,-327.8811,20.64,57.55,-36.91
P_62,高能量,0,0,0,0,0,0,0,0,0,0,0,0,0,0,0,0,0,0,0,0,0,0,0,0,0,0,0,0,0,0,0,0,0,0,0,0,0,0,0,0,0,0,0,0,0,0,0,0,0,0,0,0,0,0,0,0,0,0,0,0,0,0,0,0,0
P_63,低能量,0,0,0,0,0,0,0,0,0,0,0,0,0,0,0,0,0,0,0,0,0,0,0,0,0,0,0,0,0,0,0,0,0,0,0,0,0,0,0,0,0,0,0,0,0,0,0,0,0,0,0,0,0,0,0,0,0,0,0,0,0,0,0,0,0
P_63,中能量,0,0,18,19,1,955.0373,955.0373,0,100,100,0,207.0445,209.0601,-2.0156,100,100,0,64.9703,207.0445,-142.0742,40,88.09,-48.09,211.0758,211.0758,0,37.12,62.3,-25.18,209.0601,935.0311,-725.9709,27.91,12.64,15.27,935.0311,168.9894,766.0417,21.21,9.02,12.19,168.9894,518.967,-349.9777,8.1,9.02,-0.92,163.0547,64.9703,98.0844,6.94,8.51,-1.57,118.9926,268.983,-149.9904,6.33,7.41,-1.08,91.9812,318.9798,-226.9986,4.85,7.41,-2.56
P_63,高能量,0,0,0,0,0,0,0,0,0,0,0,0,0,0,0,0,0,0,0,0,0,0,0,0,0,0,0,0,0,0,0,0,0,0,0,0,0,0,0,0,0,0,0,0,0,0,0,0,0,0,0,0,0,0,0,0,0,0,0,0,0,0,0,0,0
P_64,低能量,0,0,0,0,0,0,0,0,0,0,0,0,0,0,0,0,0,0,0,0,0,0,0,0,0,0,0,0,0,0,0,0,0,0,0,0,0,0,0,0,0,0,0,0,0,0,0,0,0,0,0,0,0,0,0,0,0,0,0,0,0,0,0,0,0
P_64,中能量,0,0,58,38,-20,525.2328,875.2105,-349.9776,100,100,0,469.2654,933.2523,-463.9869,100,89.84,10.16,875.2105,117.0557,758.1548,100,72.14,27.86,933.2523,913.2461,20.0062,62.89,69.88,-6.99,583.2747,523.0008,60.2739,31.18,65.75,-34.57,218.9862,475.236,-256.2499,25.56,64.83,-39.27,851.1905,161.0819,690.1086,21.83,50.79,-28.96,873.1948,59.0138,814.181,20.84,43.34,-22.5,849.1748,218.9862,630.1887,13.25,42.8,-29.55,411.2236,75.0452,336.1784,12.44,35.02,-22.58
P_64,高能量,0,0,0,0,0,0,0,0,0,0,0,0,0,0,0,0,0,0,0,0,0,0,0,0,0,0,0,0,0,0,0,0,0,0,0,0,0,0,0,0,0,0,0,0,0,0,0,0,0,0,0,0,0,0,0,0,0,0,0,0,0,0,0,0,0
P_65,低能量,0,0,0,0,0,0,0,0,0,0,0,0,0,0,0,0,0,0,0,0,0,0,0,0,0,0,0,0,0,0,0,0,0,0,0,0,0,0,0,0,0,0,0,0,0,0,0,0,0,0,0,0,0,0,0,0,0,0,0,0,0,0,0,0,0
P_65,中能量,0,0,21,24,3,168.9894,587.0803,-418.091,100,100,0,953.0893,511.0491,442.0402,100,100,0,587.0803,168.9894,418.091,100,90.24,9.76,529.0396,953.0893,-424.0497,33.66,59.87,-26.21,585.0647,529.0396,56.0251,14.02,42.98,-28.96,261.065,261.065,0,13.32,21.62,-8.3,437.0899,118.9926,318.0974,9.68,13.98,-4.3,873.0267,411.0554,461.9713,9.39,12.44,-3.05,531.0553,531.0553,0,9.04,12.06,-3.02,503.024,855.0361,-352.0121,7.24,11.05,-3.81
P_65,高能量,0,0,0,0,0,0,0,0,0,0,0,0,0,0,0,0,0,0,0,0,0,0,0,0,0,0,0,0,0,0,0,0,0,0,0,0,0,0,0,0,0,0,0,0,0,0,0,0,0,0,0,0,0,0,0,0,0,0,0,0,0,0,0,0,0
P_66,低能量,0,0,0,0,0,0,0,0,0,0,0,0,0,0,0,0,0,0,0,0,0,0,0,0,0,0,0,0,0,0,0,0,0,0,0,0,0,0,0,0,0,0,0,0,0,0,0,0,0,0,0,0,0,0,0,0,0,0,0,0,0,0,0,0,0
P_66,中能量,0,0,16,16,0,428.9777,428.9777,0,100,100,0,833.0223,833.0223,0,47.64,82.46,-34.82,448.984,913.0097,-464.0257,33.87,74.2,-40.33,953.0222,448.984,504.0382,16.09,28.42,-12.33,751.0193,150.9988,600.0205,16.05,27.56,-11.51,146.9875,953.0222,-806.0347,12.49,25.67,-13.18,130.9926,751.0193,-620.0267,12.42,14.82,-2.4,933.0159,146.9875,786.0285,10.31,14.3,-3.99,180.9894,200.9956,-20.0062,6.78,11.25,-4.47,430.9934,933.0159,-502.0225,5.64,8.82,-3.18
P_66,高能量,0,0,0,0,0,0,0,0,0,0,0,0,0,0,0,0,0,0,0,0,0,0,0,0,0,0,0,0,0,0,0,0,0,0,0,0,0,0,0,0,0,0,0,0,0,0,0,0,0,0,0,0,0,0,0,0,0,0,0,0,0,0,0,0,0
P_67,低能量,0,0,0,0,0,0,0,0,0,0,0,0,0,0,0,0,0,0,0,0,0,0,0,0,0,0,0,0,0,0,0,0,0,0,0,0,0,0,0,0,0,0,0,0,0,0,0,0,0,0,0,0,0,0,0,0,0,0,0,0,0,0,0,0,0
P_67,中能量,0,0,7,5,-2,184.9843,168.9894,15.9949,100,100,0,118.9926,762.9689,-643.9764,97.04,46.27,50.77,168.9894,952.9718,-783.9824,31.86,13.92,17.94,932.9656,184.9843,747.9813,10.88,13.52,-2.64,952.9718,932.9656,20.0062,7.89,9.84,-1.95,0,118.9926,-118.9926,0,3.79,-3.79,0,766.9803,-766.9803,0,3.19,-3.19,0,0,0,0,0,0,0,0,0,0,0,0,0,0,0,0,0,0
P_67,高能量,0,0,0,0,0,0,0,0,0,0,0,0,0,0,0,0,0,0,0,0,0,0,0,0,0,0,0,0,0,0,0,0,0,0,0,0,0,0,0,0,0,0,0,0,0,0,0,0,0,0,0,0,0,0,0,0,0,0,0,0,0,0,0,0,0
P_68,低能量,0,0,0,0,0,0,0,0,0,0,0,0,0,0,0,0,0,0,0,0,0,0,0,0,0,0,0,0,0,0,0,0,0,0,0,0,0,0,0,0,0,0,0,0,0,0,0,0,0,0,0,0,0,0,0,0,0,0,0,0,0,0,0,0,0
P_68,中能量,0,0,9,20,11,930.9751,930.9751,0,100,100,0,910.9689,168.9894,741.9795,65.68,96.72,-31.04,168.9894,118.9926,49.9968,62.34,65.24,-2.9,950.9814,268.983,681.9984,53.2,63.86,-10.66,630.9943,910.9689,-279.9746,17.25,53.04,-35.79,461.9792,218.9862,242.993,13.91,44.59,-30.68,118.9926,660.9849,-541.9923,13.88,5.12,8.76,318.9798,950.9814,-632.0016,9.52,4.02,5.5,268.983,780.9847,-512.0017,8.1,3.3,4.8,610.9881,0,610.9881,6.82,0,6.82
P_68,高能量,0,0,0,0,0,0,0,0,0,0,0,0,0,0,0,0,0,0,0,0,0,0,0,0,0,0,0,0,0,0,0,0,0,0,0,0,0,0,0,0,0,0,0,0,0,0,0,0,0,0,0,0,0,0,0,0,0,0,0,0,0,0,0,0,0
P_69,低能量,0,0,0,0,0,0,0,0,0,0,0,0,0,0,0,0,0,0,0,0,0,0,0,0,0,0,0,0,0,0,0,0,0,0,0,0,0,0,0,0,0,0,0,0,0,0,0,0,0,0,0,0,0,0,0,0,0,0,0,0,0,0,0,0,0
P_69,中能量,0,0,10,12,2,930.9275,434.9683,495.9592,100,100,0,318.9798,930.9275,-611.9477,79.96,100,-20.04,168.9894,368.9766,-199.9872,42.96,40.22,2.74,950.9337,168.9894,781.9444,38.19,34.1,4.09,680.9435,950.9337,-269.9903,25.94,26.92,-0.98,630.9467,318.9798,311.9669,18.35,19.77,-1.42,218.9862,218.9862,0,18.25,13.49,4.76,434.9683,118.9926,315.9758,9.13,11.82,-2.69,118.9926,680.9435,-561.9509,7.64,6.66,0.98,580.9499,730.9403,-149.9904,4.79,4.41,0.38
P_69,高能量,0,0,0,0,0,0,0,0,0,0,0,0,0,0,0,0,0,0,0,0,0,0,0,0,0,0,0,0,0,0,0,0,0,0,0,0,0,0,0,0,0,0,0,0,0,0,0,0,0,0,0,0,0,0,0,0,0,0,0,0,0,0,0,0,0
P_70,低能量,0,0,0,0,0,0,0,0,0,0,0,0,0,0,0,0,0,0,0,0,0,0,0,0,0,0,0,0,0,0,0,0,0,0,0,0,0,0,0,0,0,0,0,0,0,0,0,0,0,0,0,0,0,0,0,0,0,0,0,0,0,0,0,0,0
P_70,中能量,0,0,10,12,2,930.9275,434.9683,495.9592,100,100,0,318.9798,930.9275,-611.9477,79.96,100,-20.04,168.9894,368.9766,-199.9872,42.96,40.22,2.74,950.9337,168.9894,781.9444,38.19,34.1,4.09,680.9435,950.9337,-269.9903,25.94,26.92,-0.98,630.9467,318.9798,311.9669,18.35,19.77,-1.42,218.9862,218.9862,0,18.25,13.49,4.76,434.9683,118.9926,315.9758,9.13,11.82,-2.69,118.9926,680.9435,-561.9509,7.64,6.66,0.98,580.9499,730.9403,-149.9904,4.79,4.41,0.38
P_70,高能量,0,0,0,0,0,0,0,0,0,0,0,0,0,0,0,0,0,0,0,0,0,0,0,0,0,0,0,0,0,0,0,0,0,0,0,0,0,0,0,0,0,0,0,0,0,0,0,0,0,0,0,0,0,0,0,0,0,0,0,0,0,0,0,0,0
P_71,低能量,0,0,0,0,0,0,0,0,0,0,0,0,0,0,0,0,0,0,0,0,0,0,0,0,0,0,0,0,0,0,0,0,0,0,0,0,0,0,0,0,0,0,0,0,0,0,0,0,0,0,0,0,0,0,0,0,0,0,0,0,0,0,0,0,0
P_71,中能量,0,0,16,14,-2,909.0512,909.0512,0,100,100,0,118.9926,949.0636,-830.0711,52.72,100,-47.28,929.0574,929.0574,0,42.41,53.5,-11.09,483.0611,168.9894,314.0717,29.16,26.3,2.86,481.0454,118.9926,362.0529,15.62,15.37,0.25,168.9894,318.9798,-149.9904,10.99,14.95,-3.96,659.0671,483.0611,176.0061,8.29,11.92,-3.63,499.036,481.0454,17.9906,6.8,10.63,-3.83,949.0636,659.0671,289.9965,6.48,9.36,-2.88,503.0673,368.9766,134.0907,6.25,8.51,-2.26
P_71,高能量,0,0,0,0,0,0,0,0,0,0,0,0,0,0,0,0,0,0,0,0,0,0,0,0,0,0,0,0,0,0,0,0,0,0,0,0,0,0,0,0,0,0,0,0,0,0,0,0,0,0,0,0,0,0,0,0,0,0,0,0,0,0,0,0,0
P_72,低能量,0,0,0,0,0,0,0,0,0,0,0,0,0,0,0,0,0,0,0,0,0,0,0,0,0,0,0,0,0,0,0,0,0,0,0,0,0,0,0,0,0,0,0,0,0,0,0,0,0,0,0,0,0,0,0,0,0,0,0,0,0,0,0,0,0
P_72,中能量,0,0,14,23,9,168.9894,168.9894,0,100,100,0,583.034,583.034,0,96.56,75.98,20.58,255.0218,949.0429,-694.0211,67.52,57.68,9.84,929.0367,118.9926,810.0441,14.27,27.21,-12.94,837.0702,929.0367,-91.9665,12,22.63,-10.63,581.0183,909.0305,-328.0121,10.78,20.55,-9.77,909.0305,581.0183,328.0121,10.19,17.12,-6.93,603.0402,759.04,-155.9998,10.13,9.73,0.4,687.0798,68.9958,618.084,8.24,8.89,-0.65,759.04,200.9956,558.0444,8.1,6.65,1.45
P_72,高能量,0,0,0,0,0,0,0,0,0,0,0,0,0,0,0,0,0,0,0,0,0,0,0,0,0,0,0,0,0,0,0,0,0,0,0,0,0,0,0,0,0,0,0,0,0,0,0,0,0,0,0,0,0,0,0,0,0,0,0,0,0,0,0,0,0
P_73,低能量,0,0,0,0,0,0,0,0,0,0,0,0,0,0,0,0,0,0,0,0,0,0,0,0,0,0,0,0,0,0,0,0,0,0,0,0,0,0,0,0,0,0,0,0,0,0,0,0,0,0,0,0,0,0,0,0,0,0,0,0,0,0,0,0,0
P_73,中能量,0,0,2,2,0,948.9457,948.9457,0,100,100,0,218.9862,218.9862,0,8.23,18.03,-9.8,0,0,0,0,0,0,0,0,0,0,0,0,0,0,0,0,0,0,0,0,0,0,0,0,0,0,0,0,0,0,0,0,0,0,0,0,0,0,0,0,0,0,0,0,0,0,0,0
P_73,高能量,0,0,0,0,0,0,0,0,0,0,0,0,0,0,0,0,0,0,0,0,0,0,0,0,0,0,0,0,0,0,0,0,0,0,0,0,0,0,0,0,0,0,0,0,0,0,0,0,0,0,0,0,0,0,0,0,0,0,0,0,0,0,0,0,0
P_74,低能量,0,0,0,0,0,0,0,0,0,0,0,0,0,0,0,0,0,0,0,0,0,0,0,0,0,0,0,0,0,0,0,0,0,0,0,0,0,0,0,0,0,0,0,0,0,0,0,0,0,0,0,0,0,0,0,0,0,0,0,0,0,0,0,0,0
P_74,中能量,0,0,8,6,-2,184.9843,184.9843,0,100,100,0,350.9696,516.955,-165.9853,50.61,87.92,-37.31,516.955,682.9403,-165.9853,50.61,87.92,-37.31,682.9403,284.9779,397.9624,50.61,10.19,40.42,284.9779,118.9926,165.9853,9.74,3.9,5.84,118.9926,450.9632,-331.9707,5.14,3.8,1.34,0,616.9486,-616.9486,0,3.8,-3.8,0,350.9696,-350.9696,0,3.44,-3.44,0,0,0,0,0,0,0,0,0,0,0,0
P_74,高能量,0,0,0,0,0,0,0,0,0,0,0,0,0,0,0,0,0,0,0,0,0,0,0,0,0,0,0,0,0,0,0,0,0,0,0,0,0,0,0,0,0,0,0,0,0,0,0,0,0,0,0,0,0,0,0,0,0,0,0,0,0,0,0,0,0
P_75,低能量,0,0,0,0,0,0,0,0,0,0,0,0,0,0,0,0,0,0,0,0,0,0,0,0,0,0,0,0,0,0,0,0,0,0,0,0,0,0,0,0,0,0,0,0,0,0,0,0,0,0,0,0,0,0,0,0,0,0,0,0,0,0,0,0,0
P_75,中能量,0,0,2,14,12,948.9015,948.9015,0,100,100,0,168.9894,168.9894,0,46.67,8.59,38.08,118.9926,0,118.9926,10.88,0,10.88,218.9862,0,218.9862,4.75,0,4.75,268.983,0,268.983,4.18,0,4.18,318.9798,0,318.9798,4.16,0,4.16,368.9766,0,368.9766,4.16,0,4.16,418.9734,0,418.9734,4.16,0,4.16,468.9702,0,468.9702,4.16,0,4.16,518.967,0,518.967,4.16,0,4.16
P_75,高能量,0,0,0,0,0,0,0,0,0,0,0,0,0,0,0,0,0,0,0,0,0,0,0,0,0,0,0,0,0,0,0,0,0,0,0,0,0,0,0,0,0,0,0,0,0,0,0,0,0,0,0,0,0,0,0,0,0,0,0,0,0,0,0,0,0
P_77,低能量,0,0,0,0,0,0,0,0,0,0,0,0,0,0,0,0,0,0,0,0,0,0,0,0,0,0,0,0,0,0,0,0,0,0,0,0,0,0,0,0,0,0,0,0,0,0,0,0,0,0,0,0,0,0,0,0,0,0,0,0,0,0,0,0,0
P_77,中能量,0,0,2,1,-1,948.8469,948.8469,0,100,100,0,0,922.8312,-922.8312,0,8.3,-8.3,0,0,0,0,0,0,0,0,0,0,0,0,0,0,0,0,0,0,0,0,0,0,0,0,0,0,0,0,0,0,0,0,0,0,0,0,0,0,0,0,0,0,0,0,0,0,0,0
P_77,高能量,0,0,0,0,0,0,0,0,0,0,0,0,0,0,0,0,0,0,0,0,0,0,0,0,0,0,0,0,0,0,0,0,0,0,0,0,0,0,0,0,0,0,0,0,0,0,0,0,0,0,0,0,0,0,0,0,0,0,0,0,0,0,0,0,0
P_78,低能量,0,0,0,0,0,0,0,0,0,0,0,0,0,0,0,0,0,0,0,0,0,0,0,0,0,0,0,0,0,0,0,0,0,0,0,0,0,0,0,0,0,0,0,0,0,0,0,0,0,0,0,0,0,0,0,0,0,0,0,0,0,0,0,0,0
P_78,中能量,0,0,55,60,5,927.2817,927.2817,0,100,100,0,411.2236,412.9828,-1.7593,100,95.65,4.35,455.2498,168.9894,286.2604,70.94,85.21,-14.27,367.1974,59.0138,308.1835,58.52,72.24,-13.72,147.0663,61.0295,86.0368,45.91,65.56,-19.65,235.1187,907.2755,-672.1568,45.16,53.65,-8.49,279.1449,501.2917,-222.1467,43.62,52.01,-8.39,412.9828,432.9891,-20.0062,42.55,48.9,-6.35,323.1711,118.9926,204.1786,41.69,48.06,-6.37,191.0925,859.2355,-668.1431,39.95,35.01,4.94
P_78,高能量,0,0,0,0,0,0,0,0,0,0,0,0,0,0,0,0,0,0,0,0,0,0,0,0,0,0,0,0,0,0,0,0,0,0,0,0,0,0,0,0,0,0,0,0,0,0,0,0,0,0,0,0,0,0,0,0,0,0,0,0,0,0,0,0,0
P_80,低能量,0,0,0,0,0,0,0,0,0,0,0,0,0,0,0,0,0,0,0,0,0,0,0,0,0,0,0,0,0,0,0,0,0,0,0,0,0,0,0,0,0,0,0,0,0,0,0,0,0,0,0,0,0,0,0,0,0,0,0,0,0,0,0,0,0
P_80,中能量,0,0,42,29,-13,409.4415,925.4455,-516.004,100,100,0,427.3615,409.4415,17.92,30.7,89.73,-59.03,407.4258,905.4393,-498.0135,29.57,73.43,-43.86,118.9926,407.4258,-288.4333,22.19,70.91,-48.72,497.4398,168.9894,328.4504,21.77,45.64,-23.87,499.4554,785.289,-285.8336,20.26,42.55,-22.29,379.4309,757.2577,-377.8268,18.13,30.94,-12.81,441.3772,118.9926,322.3846,12.48,25.44,-12.96,925.4455,825.3203,100.1252,11.25,23.92,-12.67,465.4677,451.452,14.0156,9.83,21.64,-11.81
P_80,高能量,0,0,0,0,0,0,0,0,0,0,0,0,0,0,0,0,0,0,0,0,0,0,0,0,0,0,0,0,0,0,0,0,0,0,0,0,0,0,0,0,0,0,0,0,0,0,0,0,0,0,0,0,0,0,0,0,0,0,0,0,0,0,0,0,0
P_82,低能量,0,0,0,0,0,0,0,0,0,0,0,0,0,0,0,0,0,0,0,0,0,0,0,0,0,0,0,0,0,0,0,0,0,0,0,0,0,0,0,0,0,0,0,0,0,0,0,0,0,0,0,0,0,0,0,0,0,0,0,0,0,0,0,0,0
P_82,中能量,0,0,22,26,4,923.1984,903.1922,20.0062,100,100,0,903.1922,923.1984,-20.0062,86.16,85.67,0.49,712.9637,168.9894,543.9743,39.59,25.74,13.85,867.1358,468.9702,398.1656,29.72,19.75,9.97,168.9894,618.9606,-449.9713,22.3,19.02,3.28,468.9702,118.9926,349.9777,18.38,16.84,1.54,268.983,668.9574,-399.9745,17.18,16.47,0.71,318.9798,268.983,49.9968,17.15,16.1,1.05,368.9766,318.9798,49.9968,17.06,16.1,0.96,418.9734,368.9766,49.9968,17.05,16.1,0.95
P_82,高能量,0,0,0,0,0,0,0,0,0,0,0,0,0,0,0,0,0,0,0,0,0,0,0,0,0,0,0,0,0,0,0,0,0,0,0,0,0,0,0,0,0,0,0,0,0,0,0,0,0,0,0,0,0,0,0,0,0,0,0,0,0,0,0,0,0
P_84,低能量,0,0,0,0,0,0,0,0,0,0,0,0,0,0,0,0,0,0,0,0,0,0,0,0,0,0,0,0,0,0,0,0,0,0,0,0,0,0,0,0,0,0,0,0,0,0,0,0,0,0,0,0,0,0,0,0,0,0,0,0,0,0,0,0,0
P_84,中能量,0,0,2,2,0,78.9591,78.9591,0,100,100,0,96.9696,96.9696,0,9.93,16.1,-6.17,0,0,0,0,0,0,0,0,0,0,0,0,0,0,0,0,0,0,0,0,0,0,0,0,0,0,0,0,0,0,0,0,0,0,0,0,0,0,0,0,0,0,0,0,0,0,0,0
P_84,高能量,0,0,0,0,0,0,0,0,0,0,0,0,0,0,0,0,0,0,0,0,0,0,0,0,0,0,0,0,0,0,0,0,0,0,0,0,0,0,0,0,0,0,0,0,0,0,0,0,0,0,0,0,0,0,0,0,0,0,0,0,0,0,0,0,0
P_85,低能量,0,0,0,0,0,0,0,0,0,0,0,0,0,0,0,0,0,0,0,0,0,0,0,0,0,0,0,0,0,0,0,0,0,0,0,0,0,0,0,0,0,0,0,0,0,0,0,0,0,0,0,0,0,0,0,0,0,0,0,0,0,0,0,0,0
P_85,中能量,0,0,15,15,0,80.9652,80.9652,0,100,100,0,922.9247,668.9574,253.9672,100,41.73,58.27,168.9894,618.9606,-449.9713,26.47,11.22,15.25,118.9926,168.9894,-49.9968,21.56,7.82,13.74,568.9638,922.9247,-353.9608,19.35,6.46,12.89,268.983,568.9638,-299.9808,18.32,4.61,13.71,368.9766,118.9926,249.984,18.32,4.6,13.72,418.9734,268.983,149.9904,18.32,4.26,14.06,468.9702,318.9798,149.9904,18.32,4.26,14.06,518.967,368.9766,149.9904,18.32,4.26,14.06
P_85,高能量,0,0,0,0,0,0,0,0,0,0,0,0,0,0,0,0,0,0,0,0,0,0,0,0,0,0,0,0,0,0,0,0,0,0,0,0,0,0,0,0,0,0,0,0,0,0,0,0,0,0,0,0,0,0,0,0,0,0,0,0,0,0,0,0,0
P_86,低能量,0,0,0,0,0,0,0,0,0,0,0,0,0,0,0,0,0,0,0,0,0,0,0,0,0,0,0,0,0,0,0,0,0,0,0,0,0,0,0,0,0,0,0,0,0,0,0,0,0,0,0,0,0,0,0,0,0,0,0,0,0,0,0,0,0
P_86,中能量,0,0,18,28,10,903.0193,903.0193,0,100,100,0,941.0161,695.007,246.0091,47.53,74.51,-26.98,675.0008,525.0104,149.9904,47,66.5,-19.5,819.0983,660.9851,158.1131,45.79,49.02,-3.23,799.0921,432.9666,366.1254,44.31,23.55,20.76,573.0892,446.9823,126.1069,27.38,21.49,5.89,923.0255,753.0289,169.9966,24.21,12.24,11.97,709.0227,475.0136,234.0091,23.86,10.52,13.34,753.0289,799.0921,-46.0631,19.46,10.3,9.16,559.0735,819.0983,-260.0248,17.95,10.16,7.79
P_86,高能量,0,0,0,0,0,0,0,0,0,0,0,0,0,0,0,0,0,0,0,0,0,0,0,0,0,0,0,0,0,0,0,0,0,0,0,0,0,0,0,0,0,0,0,0,0,0,0,0,0,0,0,0,0,0,0,0,0,0,0,0,0,0,0,0,0
P_87,低能量,0,0,0,0,0,0,0,0,0,0,0,0,0,0,0,0,0,0,0,0,0,0,0,0,0,0,0,0,0,0,0,0,0,0,0,0,0,0,0,0,0,0,0,0,0,0,0,0,0,0,0,0,0,0,0,0,0,0,0,0,0,0,0,0,0
P_87,中能量,0,0,31,35,4,147.0663,59.0138,88.0524,100,100,0,103.0401,61.0295,42.0106,99,42.11,56.89,59.0138,193.1081,-134.0943,52.31,32.65,19.66,61.0295,787.0004,-725.9709,44.73,25.77,18.96,712.9637,103.0401,609.9236,39.3,21.9,17.4,875.0529,919.0791,-44.0262,38.11,19.3,18.81,145.0506,712.9637,-567.913,30.33,15.14,15.19,105.0557,831.0267,-725.9709,28.03,13.93,14.1,804.991,191.0925,613.8985,20.71,12.09,8.62,118.9926,784.9848,-665.9922,20.53,10.67,9.86
P_87,高能量,0,0,0,0,0,0,0,0,0,0,0,0,0,0,0,0,0,0,0,0,0,0,0,0,0,0,0,0,0,0,0,0,0,0,0,0,0,0,0,0,0,0,0,0,0,0,0,0,0,0,0,0,0,0,0,0,0,0,0,0,0,0,0,0,0
P_88,低能量,0,0,0,0,0,0,0,0,0,0,0,0,0,0,0,0,0,0,0,0,0,0,0,0,0,0,0,0,0,0,0,0,0,0,0,0,0,0,0,0,0,0,0,0,0,0,0,0,0,0,0,0,0,0,0,0,0,0,0,0,0,0,0,0,0
P_88,中能量,0,0,10,9,-1,444.8302,444.8302,0,100,100,0,612.9288,690.8393,-77.9105,49.2,31.9,17.3,446.8458,446.8458,0,29.34,20.74,8.6,690.8393,672.8487,17.9906,14.87,17.86,-2.99,692.8549,918.8578,-226.0029,10.02,6.07,3.95,672.8487,938.864,-266.0153,5.82,6.01,-0.19,918.8578,692.8549,226.0029,5.44,5.33,0.11,442.8145,612.9288,-170.1142,3.84,5.13,-1.29,938.864,442.8145,496.0495,3.71,4.5,-0.79,0,670.8331,-670.8331,0,3.94,-3.94
P_88,高能量,0,0,0,0,0,0,0,0,0,0,0,0,0,0,0,0,0,0,0,0,0,0,0,0,0,0,0,0,0,0,0,0,0,0,0,0,0,0,0,0,0,0,0,0,0,0,0,0,0,0,0,0,0,0,0,0,0,0,0,0,0,0,0,0,0
P_90,低能量,0,0,0,0,0,0,0,0,0,0,0,0,0,0,0,0,0,0,0,0,0,0,0,0,0,0,0,0,0,0,0,0,0,0,0,0,0,0,0,0,0,0,0,0,0,0,0,0,0,0,0,0,0,0,0,0,0,0,0,0,0,0,0,0,0
P_90,中能量,0,0,23,27,4,884.0002,884.0002,0,100,100,0,64.9703,190.018,-125.0477,100,100,0,120.0125,192.0336,-72.0211,79.49,91.5,-12.01,790.9412,790.9412,0,72.01,70.63,1.38,190.018,918.0045,-727.9866,48.91,53.05,-4.14,918.0045,64.9703,853.0343,39.02,37.94,1.08,863.994,168.9894,695.0046,33.6,27.12,6.48,897.9983,897.9983,0,32.74,23.92,8.82,192.0336,468.9702,-276.9366,20.29,16.97,3.32,118.9926,118.9926,0,19.51,15.64,3.87
P_90,高能量,0,0,0,0,0,0,0,0,0,0,0,0,0,0,0,0,0,0,0,0,0,0,0,0,0,0,0,0,0,0,0,0,0,0,0,0,0,0,0,0,0,0,0,0,0,0,0,0,0,0,0,0,0,0,0,0,0,0,0,0,0,0,0,0,0
P_91,低能量,0,0,0,0,0,0,0,0,0,0,0,0,0,0,0,0,0,0,0,0,0,0,0,0,0,0,0,0,0,0,0,0,0,0,0,0,0,0,0,0,0,0,0,0,0,0,0,0,0,0,0,0,0,0,0,0,0,0,0,0,0,0,0,0,0
P_91,中能量,0,0,21,14,-7,442.951,442.951,0,100,100,0,444.9666,670.9695,-226.0029,52.63,73.24,-20.61,936.9848,916.9786,20.0062,46.91,45.77,1.14,612.9288,168.9894,443.9394,36.8,17.02,19.78,470.9823,896.9724,-425.9901,15.81,15.85,-0.04,168.9894,936.9848,-767.9955,8.2,13.34,-5.14,440.9353,884.9535,-444.0182,8.2,12.29,-4.09,690.9757,444.9666,246.0091,4.43,12.2,-7.77,916.9786,218.9862,697.9924,4.25,12.1,-7.85,638.9444,612.9288,26.0157,4.21,11.39,-7.18
P_91,高能量,0,0,0,0,0,0,0,0,0,0,0,0,0,0,0,0,0,0,0,0,0,0,0,0,0,0,0,0,0,0,0,0,0,0,0,0,0,0,0,0,0,0,0,0,0,0,0,0,0,0,0,0,0,0,0,0,0,0,0,0,0,0,0,0,0
P_93,低能量,0,0,0,0,0,0,0,0,0,0,0,0,0,0,0,0,0,0,0,0,0,0,0,0,0,0,0,0,0,0,0,0,0,0,0,0,0,0,0,0,0,0,0,0,0,0,0,0,0,0,0,0,0,0,0,0,0,0,0,0,0,0,0,0,0
P_93,中能量,0,0,22,21,-1,916.1205,85.0295,831.091,100,100,0,85.0295,168.9894,-83.9599,100,57.56,42.44,41.0397,41.0397,0,91.86,45.15,46.71,468.9702,868.1005,-399.1303,51.05,41.81,9.24,418.9734,468.9702,-49.9968,45.71,40.22,5.49,118.9926,118.9926,0,43.41,38.95,4.46,268.983,368.9766,-99.9936,38.55,38.95,-0.4,318.9798,916.1205,-597.1407,38.5,38.25,0.25,368.9766,318.9798,49.9968,37.19,36.82,0.37,218.9862,268.983,-49.9968,36.76,36.67,0.09
P_93,高能量,0,0,0,0,0,0,0,0,0,0,0,0,0,0,0,0,0,0,0,0,0,0,0,0,0,0,0,0,0,0,0,0,0,0,0,0,0,0,0,0,0,0,0,0,0,0,0,0,0,0,0,0,0,0,0,0,0,0,0,0,0,0,0,0,0
P_94,低能量,0,0,0,0,0,0,0,0,0,0,0,0,0,0,0,0,0,0,0,0,0,0,0,0,0,0,0,0,0,0,0,0,0,0,0,0,0,0,0,0,0,0,0,0,0,0,0,0,0,0,0,0,0,0,0,0,0,0,0,0,0,0,0,0,0
P_94,中能量,0,0,60,63,3,915.3406,312.9892,602.3514,100,100,0,499.276,168.9894,330.2866,100,93.22,6.78,543.3022,915.3406,-372.0383,60.33,90.45,-30.12,455.2498,59.0138,396.2359,46.63,75.33,-28.7,279.1449,589.3441,-310.1991,43.73,65.04,-21.31,323.1711,61.0295,262.1416,43.73,61.32,-17.59,235.1187,332.9954,-97.8767,43.16,58.52,-15.36,147.0663,895.3343,-748.2681,42.68,44.81,-2.13,367.1974,847.2944,-480.097,41.83,35.17,6.66,312.9892,783.2619,-470.2727,41.28,30.95,10.33
P_94,高能量,0,0,0,0,0,0,0,0,0,0,0,0,0,0,0,0,0,0,0,0,0,0,0,0,0,0,0,0,0,0,0,0,0,0,0,0,0,0,0,0,0,0,0,0,0,0,0,0,0,0,0,0,0,0,0,0,0,0,0,0,0,0,0,0,0
P_95,低能量,0,0,0,0,0,0,0,0,0,0,0,0,0,0,0,0,0,0,0,0,0,0,0,0,0,0,0,0,0,0,0,0,0,0,0,0,0,0,0,0,0,0,0,0,0,0,0,0,0,0,0,0,0,0,0,0,0,0,0,0,0,0,0,0,0
P_95,中能量,0,0,21,24,3,618.9606,168.9894,449.9713,100,100,0,682.9225,915.0307,-232.1081,67.04,83.7,-16.66,684.9382,618.9606,65.9775,47.42,78.56,-31.14,168.9894,468.9702,-299.9808,46.46,77.65,-31.19,268.983,368.9766,-99.9936,38.73,73.61,-34.88,518.967,118.9926,399.9745,26.07,71.86,-45.79,686.9538,318.9798,367.974,21.84,69.03,-47.19,935.0369,268.983,666.0539,21.05,68.71,-47.66,915.0307,418.9734,496.0573,20.21,59.39,-39.18,315.069,218.9862,96.0828,18.41,54.46,-36.05
P_95,高能量,0,0,0,0,0,0,0,0,0,0,0,0,0,0,0,0,0,0,0,0,0,0,0,0,0,0,0,0,0,0,0,0,0,0,0,0,0,0,0,0,0,0,0,0,0,0,0,0,0,0,0,0,0,0,0,0,0,0,0,0,0,0,0,0,0
P_96,低能量,0,0,0,0,0,0,0,0,0,0,0,0,0,0,0,0,0,0,0,0,0,0,0,0,0,0,0,0,0,0,0,0,0,0,0,0,0,0,0,0,0,0,0,0,0,0,0,0,0,0,0,0,0,0,0,0,0,0,0,0,0,0,0,0,0
P_96,中能量,0,0,24,14,-10,41.0397,85.0295,-43.9898,100,100,0,85.0295,41.0397,43.9898,87.49,66.6,20.89,71.0139,910.9941,-839.9802,23.7,27.41,-3.71,87.0452,168.9894,-81.9442,22.96,18.86,4.1,842.9678,842.9678,0,18.18,16.08,2.1,931.0003,568.9638,362.0365,13.3,14.66,-1.36,832.9635,742.9742,89.9893,11.69,14.15,-2.46,69.0346,118.9926,-49.958,8.89,12.06,-3.17,812.9573,268.983,543.9743,8.72,11.63,-2.91,910.9941,318.9798,592.0143,5.87,11.63,-5.76
P_96,高能量,0,0,0,0,0,0,0,0,0,0,0,0,0,0,0,0,0,0,0,0,0,0,0,0,0,0,0,0,0,0,0,0,0,0,0,0,0,0,0,0,0,0,0,0,0,0,0,0,0,0,0,0,0,0,0,0,0,0,0,0,0,0,0,0,0
P_99,低能量,0,0,0,0,0,0,0,0,0,0,0,0,0,0,0,0,0,0,0,0,0,0,0,0,0,0,0,0,0,0,0,0,0,0,0,0,0,0,0,0,0,0,0,0,0,0,0,0,0,0,0,0,0,0,0,0,0,0,0,0,0,0,0,0,0
P_99,中能量,0,0,42,40,-2,191.0925,907.1379,-716.0454,100,100,0,235.1187,612.9701,-377.8513,73.8,79.68,-5.88,147.0663,887.1317,-740.0654,63.16,72.64,-9.48,145.0506,61.0295,84.0211,43.88,70.8,-26.92,612.9701,168.9894,443.9807,37.55,58.21,-20.66,863.1117,59.0138,804.0978,31.33,51.81,-20.48,819.0855,281.1606,537.9249,28.65,45.06,-16.41,281.1606,368.9766,-87.816,22.38,44.72,-22.34,118.9926,118.9926,0,21.83,41.43,-19.6,59.0138,318.9798,-259.9659,21.81,37.36,-15.55
P_99,高能量,0,0,0,0,0,0,0,0,0,0,0,0,0,0,0,0,0,0,0,0,0,0,0,0,0,0,0,0,0,0,0,0,0,0,0,0,0,0,0,0,0,0,0,0,0,0,0,0,0,0,0,0,0,0,0,0,0,0,0,0,0,0,0,0,0
P_100,低能量,0,0,0,0,0,0,0,0,0,0,0,0,0,0,0,0,0,0,0,0,0,0,0,0,0,0,0,0,0,0,0,0,0,0,0,0,0,0,0,0,0,0,0,0,0,0,0,0,0,0,0,0,0,0,0,0,0,0,0,0,0,0,0,0,0
P_100,中能量,0,0,4,17,13,868.9447,868.9447,0,100,100,0,818.9479,818.9479,0,32.66,81.3,-48.64,768.9511,768.9511,0,26.85,44.05,-17.2,926.9501,926.9501,0,22.02,7.55,14.47,168.9894,0,168.9894,16.71,0,16.71,118.9926,0,118.9926,3.89,0,3.89,218.9862,0,218.9862,3.52,0,3.52,318.9798,0,318.9798,3.43,0,3.43,368.9766,0,368.9766,3.43,0,3.43,418.9734,0,418.9734,3.43,0,3.43
P_100,高能量,0,0,0,0,0,0,0,0,0,0,0,0,0,0,0,0,0,0,0,0,0,0,0,0,0,0,0,0,0,0,0,0,0,0,0,0,0,0,0,0,0,0,0,0,0,0,0,0,0,0,0,0,0,0,0,0,0,0,0,0,0,0,0,0,0
